no,name,owner,place,status,control,power,intelligence,politics,glamour,sex,on_stage_year,birth_year,dead_year,gunnery_fitness,halberd_fitness,crossbowman_fitness,cavalryman_fitness,weaponry_fitness,navy_fitness,skill
0,阿會喃,雲南,雲南,未登場,65,74,26,33,44,男,217,190,225,Ｃ,Ａ,Ｃ,Ｂ,Ｃ,Ｃ,
1,韋昭,吳,吳,未登場,16,19,65,73,70,男,223,204,273,Ｃ,Ｃ,Ｃ,Ｃ,Ｂ,Ｃ,
2,伊籍,襄陽,襄陽,一般,29,24,80,86,84,男,189,162,226,Ｃ,Ｃ,Ｃ,Ｃ,Ｃ,Ｂ,眼力
3,尹賞,天水,天水,未登場,51,44,61,66,53,男,213,194,260,Ｃ,Ｃ,Ｂ,Ｂ,Ｃ,Ｃ,
4,尹大目,鄴,鄴,未登場,4,9,33,51,48,男,230,211,270,Ｃ,Ｃ,Ｃ,Ｃ,Ｃ,Ｃ,
5,尹默,梓潼,梓潼,未登場,11,15,65,77,62,男,212,183,239,Ｃ,Ｃ,Ｃ,Ｃ,Ａ,Ｃ,發明
6,于禁,北平,北平,一般,84,78,70,57,53,男,184,159,221,Ａ,Ｂ,Ｃ,Ａ,Ｃ,Ｂ,規律
7,于詮,吳,吳,未登場,64,76,40,39,67,男,223,204,258,Ａ,Ｂ,Ｃ,Ｃ,Ｂ,Ｃ,金剛
8,衛瓘,晉陽,晉陽,未登場,69,46,79,78,28,男,239,220,291,Ｃ,Ｂ,Ａ,Ｃ,Ａ,Ｃ,捕縛
9,袁遺,陳留,陳留,死亡,56,40,73,76,70,男,184,150,193,Ｃ,Ｂ,Ｂ,Ｃ,Ｂ,Ｃ,指導
10,袁胤,汝南,汝南,死亡,17,14,39,41,46,男,184,163,199,Ｃ,Ｃ,Ｃ,Ｃ,Ｃ,Ｃ,
11,閻宇,江陵,江陵,未登場,52,61,58,59,20,男,228,209,264,Ｂ,Ｂ,Ｃ,Ｃ,Ｂ,Ｃ,
12,袁渙,小沛,小沛,一般,30,17,72,83,83,男,184,165,225,Ｃ,Ｂ,Ｃ,Ｂ,Ｃ,Ｃ,規律
13,袁熙,襄平,襄平,一般,66,51,63,65,64,男,190,176,207,Ｃ,Ｃ,Ｂ,Ｃ,Ｂ,Ｃ,親烏
14,閻行,天水,天水,一般,72,84,61,58,69,男,184,159,222,Ｂ,Ｂ,Ｃ,Ａ,Ｃ,Ｃ,繁殖
15,閻柔,北平,北平,一般,71,57,70,73,78,男,189,168,227,Ｃ,Ｃ,Ａ,Ａ,Ｃ,Ｃ,親烏
16,袁術,洛陽,洛陽,死亡,44,65,61,16,39,男,184,155,199,Ｂ,Ｃ,Ｃ,Ｃ,Ｃ,Ｃ,妙計
17,袁尚,襄平,襄平,一般,63,71,42,38,72,男,193,179,207,Ｂ,Ｃ,Ｃ,Ｂ,Ａ,Ｃ,
18,袁紹,洛陽,洛陽,死亡,81,69,70,73,90,男,184,154,202,Ａ,Ｃ,Ａ,Ｃ,Ｓ,Ｃ,名聲
19,閻象,宛,宛,死亡,30,27,70,74,51,男,187,158,199,Ｃ,Ｃ,Ｃ,Ｃ,Ｂ,Ｃ,
20,袁譚,汝南,汝南,死亡,60,69,30,35,59,男,187,173,205,Ｃ,Ｂ,Ｂ,Ｃ,Ｂ,Ｃ,
21,閻圃,漢中,漢中,一般,29,25,82,79,70,男,187,163,231,Ｃ,Ｃ,Ｃ,Ｃ,Ｂ,Ｃ,米道
22,袁燿,汝南,汝南,死亡,41,50,41,51,53,男,191,177,206,Ｃ,Ｃ,Ｂ,Ｃ,Ｃ,Ｂ,
23,王威,襄陽,襄陽,一般,60,70,59,52,66,男,192,163,208,Ｂ,Ｃ,Ｂ,Ｃ,Ｃ,Ａ,
24,王異,天水,天水,未発見,58,26,82,68,73,女,190,171,230,Ｃ,Ｂ,Ｂ,Ｂ,Ｂ,Ｃ,怒髮
25,王允,洛陽,洛陽,死亡,26,6,67,80,76,男,184,137,192,Ｃ,Ｃ,Ｃ,Ｃ,Ｃ,Ｃ,詭計
26,王基,北海,北海,未登場,77,78,76,75,75,男,219,190,261,Ｓ,Ｂ,Ｂ,Ａ,Ｓ,Ｃ,槍將
27,王頎,北海,北海,未登場,69,67,61,70,68,男,236,217,281,Ｂ,Ｃ,Ｃ,Ａ,Ａ,Ｃ,踏破
28,王匡,晉陽,晉陽,死亡,65,55,61,70,80,男,184,150,190,Ｃ,Ｂ,Ｂ,Ｂ,Ｃ,Ｃ,威壓
29,王業,武陵,武陵,未登場,33,6,35,66,49,男,239,220,280,Ｃ,Ｃ,Ｃ,Ｃ,Ｃ,Ｃ,
30,王經,平原,平原,未登場,67,63,66,75,76,男,225,206,260,Ｃ,Ｂ,Ｂ,Ｂ,Ｃ,Ｃ,
31,王伉,成都,成都,未登場,76,60,61,62,65,男,215,184,254,Ｃ,Ａ,Ｂ,Ｃ,Ｂ,Ｃ,金剛
32,王渾,晉陽,晉陽,未登場,76,76,72,74,69,男,240,223,297,Ａ,Ｂ,Ａ,Ｂ,Ａ,Ｓ,水將
33,王粲,襄陽,襄陽,一般,6,3,79,80,56,男,193,177,217,Ｃ,Ｃ,Ｃ,Ｃ,Ｃ,Ｃ,
34,王修,北海,北海,太守,54,27,76,78,63,男,187,168,218,Ｃ,Ｃ,Ｂ,Ｃ,Ｃ,Ｃ,
35,王戎,小沛,小沛,未登場,57,36,72,55,49,男,253,234,305,Ｃ,Ｃ,Ｃ,Ｃ,Ｂ,Ａ,
36,王肅,下邳,下邳,未登場,36,22,75,78,71,男,209,195,256,Ｃ,Ｃ,Ｃ,Ｃ,Ｃ,Ｃ,
37,王濬,洛陽,洛陽,未登場,81,73,77,71,75,男,225,206,285,Ａ,Ｂ,Ａ,Ｃ,Ｓ,Ｓ,造船
38,王祥,廬江,廬江,未発見,23,19,68,78,84,男,203,180,268,Ｃ,Ｃ,Ｃ,Ｃ,Ｃ,Ｃ,
39,區星,長沙,長沙,死亡,55,70,38,29,53,男,184,157,187,Ｃ,Ａ,Ｃ,Ｃ,Ａ,Ｃ,
40,王雙,天水,天水,未登場,64,88,19,22,27,男,219,195,228,Ｂ,Ａ,Ｃ,Ａ,Ｃ,Ｃ,猛者
41,王忠,濮陽,濮陽,一般,39,57,21,27,49,男,186,152,214,Ｃ,Ｂ,Ｂ,Ｃ,Ｃ,Ｃ,
42,王昶,晉陽,晉陽,未発見,74,64,79,79,75,男,207,188,259,Ａ,Ｂ,Ａ,Ｂ,Ｂ,Ｃ,仁政
43,王韜,天水,天水,未登場,46,59,72,51,49,男,229,210,269,Ｃ,Ｂ,Ｃ,Ｂ,Ｂ,Ｃ,
44,王惇,建業,建業,未登場,60,66,46,61,56,男,217,198,256,Ｃ,Ｃ,Ｃ,Ｃ,Ｃ,Ｃ,
45,王平,梓潼,梓潼,未登場,83,79,76,58,51,男,216,192,248,Ａ,Ａ,Ｓ,Ｂ,Ｃ,Ｃ,沉著
46,王甫,江州,江州,一般,62,41,79,78,73,男,190,171,219,Ｃ,Ｃ,Ｂ,Ｃ,Ａ,Ｂ,待伏
47,王門,北平,北平,死亡,65,64,31,41,49,男,186,162,205,Ｃ,Ｃ,Ｃ,Ａ,Ｃ,Ｃ,
48,王淩,薊,薊,一般,74,64,70,82,71,男,191,172,251,Ａ,Ｂ,Ａ,Ｂ,Ｃ,Ｂ,
49,王累,成都,成都,一般,28,30,78,80,73,男,192,173,211,Ｃ,Ｃ,Ｃ,Ｃ,Ｃ,Ｃ,
50,王朗,洛陽,洛陽,太守,47,35,79,81,51,男,184,162,228,Ｃ,Ｂ,Ｃ,Ｃ,Ｃ,Ｃ,
51,溫恢,壽春,壽春,一般,62,36,73,86,76,男,197,178,222,Ｂ,Ａ,Ｂ,Ｂ,Ａ,Ｂ,能吏
52,何晏,宛,宛,未登場,6,30,71,70,8,男,209,190,249,Ｃ,Ｃ,Ｃ,Ｃ,Ｃ,Ｃ,機智
53,蒯越,襄陽,襄陽,一般,47,27,82,88,73,男,184,157,214,Ｂ,Ｃ,Ｂ,Ｃ,Ｃ,Ｂ,能吏
54,蒯良,襄陽,襄陽,死亡,68,33,88,82,71,男,184,155,204,Ｂ,Ｃ,Ｓ,Ｃ,Ｂ,Ｂ,待伏
55,賈華,廬江,廬江,一般,49,65,41,29,52,男,195,176,224,Ｂ,Ａ,Ｃ,Ｃ,Ｃ,Ｃ,
56,華覈,吳,吳,未登場,20,24,71,78,68,男,236,217,278,Ｃ,Ｃ,Ｃ,Ｃ,Ｂ,Ｂ,
57,賈逵,洛陽,洛陽,一般,78,61,84,85,75,男,199,177,231,Ａ,Ｂ,Ａ,Ｂ,Ａ,Ｂ,築城
58,何儀,許昌,許昌,死亡,56,69,36,10,17,男,184,161,195,Ｂ,Ａ,Ｃ,Ｃ,Ｃ,Ｃ,
59,華歆,鄴,鄴,一般,18,33,82,83,17,男,184,157,231,Ｃ,Ｃ,Ｃ,Ｃ,Ｃ,Ｃ,
60,賈詡,鄴,陳留,一般,86,48,97,85,57,男,184,147,223,Ｓ,Ｂ,Ａ,Ｂ,Ａ,Ｃ,反計
61,郭奕,許昌,許昌,一般,21,29,70,76,47,男,201,187,228,Ｃ,Ｃ,Ｂ,Ｃ,Ｃ,Ｃ,
62,郭援,南皮,南皮,死亡,66,73,36,33,48,男,191,167,202,Ｂ,Ｃ,Ｃ,Ａ,Ｂ,Ｃ,
63,郭嘉,北平,北平,死亡,51,15,98,84,78,男,189,170,207,Ｂ,Ｂ,Ｂ,Ｂ,Ｂ,Ｂ,鬼謀
64,鄂煥,建寧,建寧,未登場,60,82,42,21,41,男,220,196,251,Ｃ,Ａ,Ｃ,Ｂ,Ｃ,Ｃ,戟將
65,郭汜,天水,天水,死亡,64,76,13,14,13,男,184,146,197,Ｂ,Ｂ,Ｃ,Ａ,Ｃ,Ｃ,
66,樂就,宛,宛,死亡,53,66,58,42,53,男,184,157,195,Ｃ,Ｂ,Ｂ,Ｃ,Ｃ,Ｃ,
67,霍峻,江陵,江陵,一般,80,66,73,62,70,男,197,178,217,Ｂ,Ａ,Ａ,Ｃ,Ｂ,Ｃ,不屈
68,郝昭,鄴,鄴,一般,89,79,78,62,72,男,204,185,229,Ｂ,Ｓ,Ｂ,Ａ,Ｓ,Ｃ,不屈
69,樂進,薊,薊,太守,80,84,52,51,65,男,188,159,218,Ｓ,Ｂ,Ｂ,Ａ,Ｓ,Ｃ,攻城
70,樂綝,濮陽,濮陽,未登場,73,75,43,41,63,男,210,196,257,Ａ,Ｃ,Ｃ,Ａ,Ｂ,Ｃ,
71,郭圖,許昌,許昌,死亡,52,50,82,68,37,男,184,155,205,Ｃ,Ｃ,Ｃ,Ｂ,Ｂ,Ｃ,
72,郭馬,桂陽,桂陽,未登場,68,71,47,21,54,男,253,239,280,Ｂ,Ａ,Ｃ,Ｃ,Ｃ,Ｃ,
73,郝萌,晉陽,晉陽,死亡,62,67,42,34,48,男,184,156,197,Ｃ,Ｂ,Ｃ,Ａ,Ｃ,Ｃ,
74,郭攸之,宛,宛,未登場,13,9,68,79,60,男,209,190,259,Ｃ,Ｃ,Ｃ,Ｃ,Ｃ,Ｃ,
75,霍弋,江陵,江陵,未登場,73,69,69,74,74,男,221,207,270,Ｃ,Ａ,Ａ,Ｃ,Ａ,Ｂ,沉著
76,郭淮,平原,平原,一般,87,78,81,75,77,男,206,187,255,Ａ,Ｓ,Ｃ,Ａ,Ｂ,Ｃ,不屈
77,夏侯威,陳留,陳留,未登場,71,73,49,57,67,男,218,204,253,Ｂ,Ｃ,Ｂ,Ａ,Ｃ,Ｃ,
78,夏侯淵,小沛,小沛,都督,87,91,54,61,80,男,184,162,219,Ｂ,Ｂ,Ｓ,Ｓ,Ａ,Ｃ,突襲
79,夏侯恩,鄴,鄴,一般,63,72,52,45,71,男,194,180,208,Ｂ,Ｃ,Ｃ,Ｂ,Ｃ,Ｃ,
80,夏侯和,陳留,陳留,未登場,48,51,70,76,64,男,221,207,265,Ｃ,Ｃ,Ｃ,Ｂ,Ｂ,Ｃ,
81,夏侯惠,陳留,陳留,未登場,50,44,75,73,66,男,220,206,242,Ｃ,Ｃ,Ｂ,Ｂ,Ｃ,Ｃ,
82,夏侯玄,陳留,陳留,未登場,54,39,75,92,66,男,222,208,254,Ｃ,Ｂ,Ｂ,Ｃ,Ｂ,Ｃ,名聲
83,夏侯尚,陳留,陳留,太守,79,72,74,65,61,男,199,181,225,Ｂ,Ａ,Ａ,Ｂ,Ａ,Ｃ,
84,夏侯德,陳留,陳留,一般,69,73,32,40,52,男,197,178,218,Ｂ,Ｃ,Ｃ,Ａ,Ｃ,Ｃ,
85,夏侯惇,許昌,許昌,都督,89,90,58,70,81,男,184,156,220,Ａ,Ｂ,Ｃ,Ｓ,Ｂ,Ｃ,騎將
86,夏侯霸,陳留,陳留,未登場,79,84,77,55,71,男,216,202,262,Ａ,Ｂ,Ｂ,Ａ,Ｃ,Ｃ,長驅
87,夏侯楙,陳留,陳留,未登場,20,7,4,21,2,男,215,201,259,Ｃ,Ｃ,Ｃ,Ｃ,Ｃ,Ｃ,
88,夏侯令女,陳留,陳留,未登場,19,10,73,71,84,女,221,207,257,Ｃ,Ｃ,Ｂ,Ｃ,Ｃ,Ｃ,明鏡
89,賈充,洛陽,洛陽,未登場,54,31,89,85,10,男,231,217,282,Ｃ,Ｂ,Ｃ,Ｃ,Ｃ,Ｃ,百出
90,何植,吳,吳,未登場,15,24,26,27,51,男,245,230,284,Ｃ,Ｃ,Ｃ,Ｃ,Ｃ,Ｃ,
91,何進,洛陽,洛陽,死亡,39,40,6,41,68,男,184,135,189,Ｃ,Ｃ,Ｃ,Ｃ,Ｃ,Ｃ,
92,賀齊,會稽,會稽,太守,83,78,72,64,73,男,189,171,227,Ａ,Ａ,Ａ,Ｃ,Ａ,Ｓ,昂揚
93,賈範,襄平,襄平,未登場,60,62,73,62,62,男,221,202,237,Ｃ,Ｃ,Ｂ,Ｃ,Ｂ,Ｃ,
94,花鬘,雲南,雲南,未登場,69,82,32,26,70,女,223,209,239,Ａ,Ａ,Ｃ,Ｂ,Ｃ,Ｃ,戟將
95,華雄,天水,天水,死亡,81,92,56,40,57,男,184,155,190,Ｂ,Ｂ,Ｃ,Ｓ,Ｃ,Ｃ,猛者
96,關彝,新野,新野,未登場,50,62,44,52,59,男,233,219,263,Ｃ,Ｂ,Ｂ,Ｃ,Ｃ,Ｃ,
97,韓胤,宛,宛,死亡,26,29,64,54,44,男,184,155,197,Ｃ,Ｃ,Ｃ,Ｃ,Ｃ,Ｃ,
98,關羽,新野,新野,一般,95,97,75,62,93,男,184,162,219,Ｓ,Ｓ,Ｂ,Ａ,Ｃ,Ａ,神將
99,桓階,鄴,鄴,一般,10,26,67,78,69,男,184,156,221,Ｃ,Ｃ,Ｃ,Ｃ,Ａ,Ｃ,
100,管亥,小沛,小沛,死亡,70,82,10,5,25,男,184,160,193,Ｂ,Ｃ,Ｃ,Ａ,Ｂ,Ｃ,
101,毌丘儉,鄴,鄴,未登場,78,74,52,56,54,男,220,202,255,Ａ,Ｂ,Ｂ,Ａ,Ａ,Ｃ,
102,毌丘秀,鄴,鄴,未登場,58,62,33,38,51,男,225,206,265,Ｃ,Ｃ,Ｂ,Ｂ,Ｃ,Ｃ,
103,毌丘甸,鄴,鄴,未登場,63,60,69,70,65,男,238,224,255,Ｃ,Ｂ,Ｂ,Ｂ,Ｂ,Ｃ,
104,韓莒子,南皮,南皮,死亡,51,59,51,46,52,男,184,158,200,Ｃ,Ｃ,Ｂ,Ｂ,Ｃ,Ｃ,
105,韓玄,長沙,長沙,君主,22,33,7,4,1,男,184,163,208,Ｂ,Ｃ,Ｃ,Ｃ,Ｃ,Ｃ,
106,韓浩,長沙,長沙,一般,69,72,68,87,62,男,184,164,218,Ｂ,Ｃ,Ｃ,Ｂ,Ｃ,Ｃ,屯田
107,關興,新野,新野,未登場,76,86,62,58,75,男,213,199,234,Ａ,Ｓ,Ｂ,Ａ,Ｃ,Ｂ,昂揚
108,關索,新野,新野,未登場,74,88,52,47,74,男,214,200,239,Ｂ,Ａ,Ｃ,Ｓ,Ｃ,Ａ,疾馳
109,韓遂,天水,天水,太守,89,70,77,61,80,男,184,142,215,Ａ,Ｓ,Ｃ,Ｓ,Ａ,Ｃ,長驅
110,韓嵩,江夏,江夏,一般,25,15,70,77,61,男,184,154,210,Ｃ,Ｃ,Ｃ,Ｃ,Ｂ,Ｃ,
111,關靖,北平,北平,死亡,36,52,72,63,42,男,184,158,199,Ｃ,Ｃ,Ｃ,Ｂ,Ｃ,Ｃ,
112,韓暹,南皮,南皮,死亡,69,66,36,18,51,男,184,159,196,Ｂ,Ｃ,Ｂ,Ｃ,Ｃ,Ｃ,
113,闞澤,會稽,會稽,一般,43,49,83,86,73,男,201,182,243,Ｃ,Ｃ,Ｂ,Ｃ,Ｂ,Ｂ,論客
114,韓忠,濮陽,濮陽,死亡,64,67,18,12,23,男,184,151,184,Ｂ,Ｂ,Ｃ,Ｃ,Ｃ,Ｃ,
115,關統,新野,新野,未登場,63,60,61,63,75,男,232,218,259,Ｃ,Ａ,Ａ,Ｃ,Ｃ,Ｂ,
116,韓當,柴桑,柴桑,一般,76,85,56,51,68,男,184,156,225,Ａ,Ｂ,Ｂ,Ａ,Ｃ,Ｓ,水將
117,韓德,安定,安定,在野,63,76,25,16,54,男,199,171,228,Ｃ,Ａ,Ｃ,Ａ,Ｃ,Ｃ,親羌
118,甘寧,江夏,江夏,一般,86,94,76,18,58,男,193,174,222,Ｓ,Ａ,Ａ,Ａ,Ｓ,Ｓ,威風
119,桓範,小沛,小沛,未登場,20,11,78,74,51,男,218,199,249,Ｃ,Ｃ,Ｃ,Ｃ,Ｃ,Ｃ,秘計
120,韓馥,鄴,鄴,死亡,13,3,27,62,60,男,184,149,191,Ｃ,Ｃ,Ｃ,Ｃ,Ｃ,Ｃ,
121,關平,新野,新野,一般,77,82,68,60,76,男,200,186,219,Ｓ,Ａ,Ｂ,Ａ,Ｃ,Ｂ,輔佐
122,簡雍,新野,新野,一般,20,32,74,71,74,男,184,164,225,Ｃ,Ｃ,Ｃ,Ｃ,Ｂ,Ｃ,論客
123,顏良,南皮,南皮,死亡,79,93,42,32,53,男,184,160,200,Ａ,Ａ,Ｃ,Ｓ,Ｃ,Ｃ,威風
124,魏延,長沙,長沙,一般,81,92,69,49,45,男,194,175,234,Ａ,Ｓ,Ｂ,Ａ,Ｃ,Ｃ,連擊
125,麴義,北平,北平,死亡,82,78,51,18,37,男,184,146,191,Ａ,Ｃ,Ｓ,Ａ,Ｃ,Ｃ,弓將
126,戲志才,許昌,許昌,死亡,23,7,88,73,58,男,184,157,194,Ｃ,Ｃ,Ｃ,Ｃ,Ｂ,Ｃ,
127,魏續,晉陽,晉陽,死亡,67,78,31,32,39,男,184,156,200,Ｂ,Ｂ,Ｃ,Ａ,Ｃ,Ｃ,
128,魏邈,建業,建業,未登場,57,62,59,54,65,男,240,221,268,Ｂ,Ｂ,Ｃ,Ｃ,Ｃ,Ｃ,
129,魏諷,小沛,小沛,一般,52,23,72,78,86,男,201,182,219,Ｂ,Ｃ,Ｃ,Ｃ,Ｂ,Ｃ,名聲
130,魏攸,北平,北平,死亡,46,29,73,74,68,男,184,151,193,Ｃ,Ｃ,Ｂ,Ｃ,Ｂ,Ｃ,
131,牛金,宛,宛,一般,72,79,38,40,45,男,201,173,226,Ｂ,Ａ,Ｃ,Ａ,Ｃ,Ｃ,連擊
132,丘建,濮陽,濮陽,未登場,39,52,65,52,51,男,253,239,272,Ｂ,Ｂ,Ｃ,Ｃ,Ｂ,Ｃ,
133,牛輔,天水,天水,死亡,38,60,21,26,37,男,184,159,192,Ｃ,Ｂ,Ｃ,Ｂ,Ｃ,Ｃ,
134,丘本,安定,安定,未登場,50,41,67,56,55,男,251,232,269,Ｃ,Ｃ,Ｂ,Ｃ,Ｂ,Ｃ,
135,季雍,南皮,南皮,死亡,63,52,41,40,58,男,184,170,192,Ｃ,Ｃ,Ｃ,Ａ,Ｃ,Ｃ,
136,姜維,天水,天水,未登場,90,89,90,67,80,男,225,202,264,Ｓ,Ｂ,Ａ,Ｓ,Ｃ,Ｃ,反計
137,鞏志,武陵,武陵,一般,43,53,61,65,48,男,197,178,242,Ｃ,Ｃ,Ｂ,Ｃ,Ｃ,Ｃ,
138,橋蕤,洛陽,洛陽,死亡,64,69,38,41,58,男,184,143,195,Ａ,Ｃ,Ｂ,Ｃ,Ｃ,Ｂ,
139,龔都,宛,宛,死亡,59,70,23,22,37,男,184,164,200,Ｂ,Ｃ,Ｂ,Ｂ,Ｃ,Ｃ,
140,橋瑁,陳留,陳留,死亡,54,45,69,72,73,男,184,150,190,Ｂ,Ｃ,Ｃ,Ｂ,Ｃ,Ｃ,言毒
141,許儀,許昌,許昌,未登場,51,74,15,16,49,男,227,213,263,Ｂ,Ｃ,Ｃ,Ｂ,Ｃ,Ｃ,
142,許貢,吳,吳,死亡,44,66,64,64,56,男,184,155,200,Ｃ,Ｂ,Ａ,Ｃ,Ｃ,Ｂ,
143,許靖,成都,成都,一般,3,5,67,79,68,男,184,152,222,Ｂ,Ｃ,Ｃ,Ｃ,Ｃ,Ｃ,
144,許褚,鄴,陳留,一般,65,96,36,20,59,男,189,169,226,Ａ,Ｂ,Ｃ,Ｂ,Ｃ,Ｃ,金剛
145,許攸,宛,宛,死亡,36,21,80,56,23,男,184,155,204,Ｃ,Ｃ,Ｃ,Ｂ,Ｃ,Ｃ,
146,紀靈,宛,宛,死亡,78,83,51,48,55,男,184,155,199,Ａ,Ａ,Ｃ,Ａ,Ｃ,Ｃ,
147,金禕,武陵,武陵,一般,17,38,64,68,60,男,197,177,218,Ｂ,Ｃ,Ｃ,Ｃ,Ｃ,Ｃ,
148,金環三結,雲南,雲南,未登場,64,76,19,19,42,男,217,192,225,Ｂ,Ａ,Ｃ,Ｂ,Ｃ,Ｃ,
149,金旋,武陵,武陵,君主,52,68,13,29,47,男,184,155,208,Ｃ,Ｂ,Ｃ,Ｃ,Ｃ,Ｃ,
150,虞汜,會稽,會稽,未登場,61,34,74,71,72,男,231,217,273,Ｃ,Ｃ,Ｂ,Ｃ,Ａ,Ａ,
151,虞翻,會稽,會稽,一般,43,46,86,81,46,男,184,164,233,Ｃ,Ｃ,Ｂ,Ｃ,Ｂ,Ｂ,風水
152,邢道榮,零陵,零陵,一般,61,80,41,16,12,男,193,174,208,Ｃ,Ａ,Ｃ,Ｂ,Ｃ,Ｃ,
153,郤正,洛陽,洛陽,未登場,10,4,63,75,61,男,227,208,278,Ｃ,Ｃ,Ｃ,Ｃ,Ｃ,Ｃ,發明
154,嚴顏,江州,江州,太守,79,83,69,67,79,男,184,151,222,Ｂ,Ａ,Ｓ,Ｃ,Ｂ,Ｃ,弓將
155,牽弘,南皮,南皮,未登場,70,74,66,65,57,男,243,224,272,Ｃ,Ｂ,Ｃ,Ｂ,Ａ,Ｃ,踏破
156,嚴綱,北平,北平,死亡,68,71,40,51,52,男,184,163,192,Ｃ,Ｂ,Ｃ,Ａ,Ｂ,Ｃ,
157,嚴畯,吳,吳,一般,13,2,70,84,72,男,188,169,246,Ｃ,Ｃ,Ｃ,Ｃ,Ｃ,Ｃ,
158,牽招,北平,北平,一般,72,69,73,75,73,男,190,168,244,Ｃ,Ｂ,Ｂ,Ａ,Ａ,Ｃ,親烏
159,嚴政,許昌,許昌,死亡,50,55,39,36,12,男,184,151,189,Ｂ,Ｂ,Ｃ,Ｃ,Ｃ,Ｃ,
160,嚴白虎,吳,吳,死亡,67,70,23,21,41,男,184,142,196,Ｂ,Ａ,Ｃ,Ｃ,Ｃ,Ｂ,親越
161,嚴輿,吳,吳,死亡,61,78,44,20,29,男,184,145,196,Ａ,Ａ,Ｂ,Ｃ,Ｃ,Ｂ,親越
162,吳懿,成都,成都,一般,83,73,68,70,77,男,185,165,237,Ａ,Ｂ,Ｓ,Ｂ,Ｂ,Ｃ,輔佐
163,黃蓋,柴桑,柴桑,一般,79,83,65,65,81,男,184,154,218,Ｂ,Ａ,Ｓ,Ｃ,Ｂ,Ｓ,火攻
164,高幹,陳留,陳留,死亡,74,56,48,59,66,男,187,168,206,Ｃ,Ａ,Ａ,Ｃ,Ｂ,Ｃ,
165,黃月英,新野,新野,未登場,51,31,88,87,79,女,208,186,235,Ｃ,Ｃ,Ｓ,Ｃ,Ｓ,Ａ,工神
166,黃權,成都,成都,一般,75,59,82,79,78,男,186,167,240,Ｂ,Ｂ,Ａ,Ｃ,Ｃ,Ａ,規律
167,黃皓,成都,成都,未登場,1,1,30,10,1,男,245,226,263,Ｃ,Ｃ,Ｃ,Ｃ,Ｃ,Ｃ,
168,高柔,鄴,陳留,一般,57,43,71,79,74,男,193,174,263,Ｃ,Ｂ,Ｂ,Ｃ,Ｂ,Ｃ,
169,高順,晉陽,晉陽,死亡,85,86,55,46,69,男,186,162,198,Ａ,Ｂ,Ｃ,Ｓ,Ｓ,Ｃ,攻城
170,高翔,梓潼,梓潼,未登場,68,68,52,44,55,男,213,194,252,Ｃ,Ｃ,Ｂ,Ｂ,Ｃ,Ｃ,搬運
171,高昇,許昌,許昌,死亡,67,73,41,21,27,男,184,145,184,Ａ,Ｃ,Ｃ,Ｂ,Ｃ,Ｃ,
172,黃崇,梓潼,梓潼,未登場,67,63,72,69,62,男,222,208,263,Ｃ,Ｂ,Ａ,Ｃ,Ｂ,Ｂ,
173,侯成,晉陽,晉陽,死亡,74,75,63,56,60,男,184,158,199,Ｂ,Ｂ,Ｂ,Ａ,Ｃ,Ｃ,
174,侯選,天水,天水,一般,63,66,34,55,52,男,194,175,228,Ｃ,Ｃ,Ｃ,Ａ,Ｂ,Ｃ,
175,黃祖,江夏,江夏,太守,74,66,53,38,32,男,184,148,208,Ｂ,Ｂ,Ａ,Ｃ,Ｂ,Ａ,
176,公孫越,北平,北平,死亡,74,72,47,54,67,男,184,160,192,Ｂ,Ｃ,Ｃ,Ｓ,Ｂ,Ｃ,白馬
177,公孫淵,襄平,襄平,未登場,65,70,56,35,55,男,219,205,238,Ｂ,Ｃ,Ｃ,Ｂ,Ｃ,Ｃ,
178,公孫恭,襄平,襄平,一般,39,17,68,61,42,男,188,174,238,Ｃ,Ｃ,Ｃ,Ｂ,Ｃ,Ｃ,
179,公孫康,襄平,襄平,君主,72,66,61,58,56,男,186,172,210,Ｃ,Ｃ,Ｃ,Ａ,Ｃ,Ｂ,待伏
180,公孫瓚,北平,北平,死亡,84,83,70,46,77,男,184,152,199,Ｂ,Ｃ,Ａ,Ｓ,Ｂ,Ｃ,白馬
181,公孫續,北平,北平,死亡,63,68,54,63,66,男,190,176,199,Ｃ,Ｃ,Ｂ,Ｓ,Ｂ,Ｃ,白馬
182,公孫度,襄平,襄平,死亡,67,71,63,51,35,男,184,154,204,Ｂ,Ｃ,Ｃ,Ａ,Ａ,Ｂ,
183,公孫範,北平,北平,死亡,73,69,64,62,61,男,184,158,199,Ｃ,Ｃ,Ｂ,Ｓ,Ｂ,Ｃ,白馬
184,孔,鄴,鄴,死亡,26,16,68,78,64,男,184,151,194,Ｃ,Ｃ,Ｂ,Ｃ,Ｃ,Ｃ,
185,黃忠,長沙,長沙,一般,86,93,60,52,75,男,184,148,222,Ｂ,Ｓ,Ｓ,Ａ,Ｃ,Ｃ,弓神
186,高定,建寧,建寧,未登場,55,63,43,42,46,男,209,190,251,Ｂ,Ｂ,Ｃ,Ｃ,Ｂ,Ｃ,
187,高堂隆,陳留,陳留,未登場,35,24,76,85,70,男,210,190,244,Ｃ,Ｃ,Ｃ,Ｃ,Ａ,Ｃ,
188,高沛,梓潼,梓潼,一般,66,61,69,57,52,男,189,170,212,Ｃ,Ｂ,Ａ,Ｃ,Ｂ,Ｃ,
189,皇甫嵩,陳留,陳留,死亡,87,61,73,51,72,男,184,132,195,Ｓ,Ｂ,Ａ,Ｃ,Ｓ,Ｃ,火攻
190,孔融,許昌,許昌,一般,30,5,72,75,65,男,184,153,208,Ｃ,Ｃ,Ｃ,Ｃ,Ｃ,Ｃ,
191,高覽,南皮,南皮,死亡,76,82,66,55,62,男,184,159,201,Ｂ,Ｃ,Ｃ,Ａ,Ｃ,Ｃ,
192,伍延,江陵,江陵,未登場,66,73,42,49,64,男,253,234,280,Ｂ,Ｂ,Ｂ,Ｃ,Ｃ,Ａ,
193,吳巨,江陵,江陵,一般,49,61,23,51,54,男,184,151,211,Ｃ,Ｃ,Ｃ,Ｂ,Ｃ,Ｃ,
194,國淵,濮陽,濮陽,一般,50,19,71,86,74,男,184,160,219,Ｃ,Ｃ,Ｂ,Ｃ,Ａ,Ｃ,屯田
195,吳景,下邳,下邳,死亡,69,66,51,65,66,男,184,159,203,Ｂ,Ｃ,Ａ,Ｃ,Ｃ,Ａ,
196,吾彥,建業,建業,未登場,74,72,77,69,68,男,253,235,297,Ｃ,Ｂ,Ａ,Ｃ,Ｂ,Ａ,造船
197,吳綱,廬江,廬江,未登場,48,38,65,65,72,男,235,216,275,Ｃ,Ｂ,Ｃ,Ｃ,Ｃ,Ｂ,
198,吳國太,吳,吳,一般,30,21,70,74,81,女,184,161,216,Ｃ,Ｂ,Ｃ,Ｃ,Ｃ,Ｂ,仁政
199,胡濟,新野,新野,未登場,57,39,68,72,65,男,223,207,264,Ｂ,Ｃ,Ｂ,Ｃ,Ｂ,Ｃ,
200,吾粲,柴桑,柴桑,一般,68,41,78,75,67,男,206,181,245,Ｃ,Ｂ,Ａ,Ｃ,Ｂ,Ａ,昂揚
201,胡質,壽春,壽春,未登場,73,46,74,77,72,男,214,192,250,Ｃ,Ｂ,Ｂ,Ｃ,Ｃ,Ｃ,
202,吳質,北海,北海,一般,16,29,68,57,37,男,196,177,230,Ｃ,Ｃ,Ｃ,Ｃ,Ｃ,Ｃ,
203,胡車兒,天水,天水,死亡,26,82,41,2,30,男,188,164,206,Ｃ,Ｂ,Ｃ,Ｂ,Ｃ,Ｃ,掠奪
204,胡遵,安定,安定,未登場,70,76,52,50,62,男,219,200,256,Ａ,Ｂ,Ｃ,Ａ,Ｂ,Ｃ,
205,胡軫,天水,天水,死亡,65,74,12,15,21,男,185,146,190,Ｂ,Ｃ,Ｃ,Ａ,Ｃ,Ｃ,
206,顧譚,會稽,會稽,未登場,33,23,70,79,75,男,218,203,244,Ｃ,Ｃ,Ｃ,Ｃ,Ｃ,Ｂ,
207,兀突骨,雲南,雲南,未登場,72,86,1,3,21,男,217,186,225,Ａ,Ｓ,Ｂ,Ｃ,Ｃ,Ｃ,藤甲
209,吳班,成都,成都,一般,74,71,56,45,66,男,190,171,234,Ａ,Ｂ,Ｂ,Ｂ,Ｃ,Ｂ,
210,胡奮,安定,安定,未登場,71,76,50,52,55,男,236,222,288,Ｃ,Ｂ,Ｃ,Ａ,Ｓ,Ｃ,攻城
211,顧雍,吳,吳,一般,43,18,80,90,76,男,197,168,243,Ｃ,Ｃ,Ｃ,Ｃ,Ｂ,Ｃ,眼力
212,吳蘭,梓潼,梓潼,一般,62,80,35,36,50,男,189,170,218,Ｂ,Ｂ,Ｃ,Ｂ,Ｃ,Ｃ,
213,胡烈,安定,安定,未登場,73,67,72,65,69,男,239,225,272,Ｂ,Ａ,Ａ,Ｂ,Ｂ,Ｃ,
214,崔琰,平原,平原,一般,18,55,70,83,75,男,184,162,216,Ｃ,Ｃ,Ｃ,Ｃ,Ｃ,Ｃ,眼力
215,蔡琰,洛陽,洛陽,一般,12,11,76,80,85,女,184,168,224,Ｃ,Ｃ,Ｃ,Ｂ,Ｃ,Ｃ,詩想
216,蔡和,襄陽,襄陽,一般,39,50,1,26,45,男,185,166,208,Ｃ,Ｃ,Ｂ,Ｃ,Ｃ,Ａ,
217,蔡氏,襄陽,襄陽,一般,8,7,69,58,66,女,184,159,208,Ｃ,Ｃ,Ｃ,Ｃ,Ｃ,Ｂ,
218,蔡中,襄陽,襄陽,一般,40,54,2,22,43,男,187,168,208,Ｃ,Ｂ,Ｃ,Ｃ,Ｃ,Ａ,
219,蔡瑁,襄陽,襄陽,一般,77,70,77,72,62,男,184,160,208,Ｂ,Ｂ,Ｂ,Ｃ,Ｃ,Ｓ,操舵
220,崔林,鄴,鄴,未発見,32,22,66,78,76,男,207,187,244,Ｃ,Ｃ,Ｂ,Ｃ,Ｃ,Ｃ,
221,左奕,武陵,武陵,未登場,62,66,51,43,57,男,251,232,280,Ｃ,Ａ,Ｂ,Ｃ,Ｃ,Ｃ,
222,笮融,下邳,下邳,死亡,60,69,38,21,14,男,184,161,195,Ｂ,Ａ,Ｃ,Ｃ,Ａ,Ｃ,掠奪
223,施朔,建業,建業,未登場,38,65,47,21,54,男,245,226,268,Ｃ,Ｂ,Ｂ,Ｃ,Ｃ,Ｃ,
224,師纂,新野,新野,未登場,60,72,54,46,14,男,234,215,264,Ａ,Ｂ,Ｃ,Ｂ,Ｃ,Ｃ,
225,司馬懿,洛陽,洛陽,一般,98,63,96,93,87,男,198,179,251,Ｓ,Ａ,Ａ,Ｓ,Ａ,Ｃ,深謀
226,司馬炎,洛陽,洛陽,未登場,69,59,76,79,74,男,250,236,290,Ｃ,Ｃ,Ｂ,Ｂ,Ｃ,Ｃ,
227,司馬師,洛陽,洛陽,未登場,80,64,88,82,78,男,222,208,255,Ａ,Ｂ,Ｂ,Ｂ,Ｃ,Ｃ,規律
228,司馬昭,洛陽,洛陽,未登場,76,57,87,88,80,男,225,211,265,Ａ,Ｂ,Ａ,Ｂ,Ｂ,Ｃ,沉著
229,司馬,洛陽,洛陽,未登場,61,52,61,66,62,男,241,227,283,Ｃ,Ｃ,Ｂ,Ｃ,Ｃ,Ａ,
230,司馬孚,洛陽,洛陽,未発見,70,37,76,79,85,男,199,180,272,Ｂ,Ｂ,Ｂ,Ｃ,Ｂ,Ｃ,
231,司馬望,洛陽,洛陽,未登場,73,58,78,65,42,男,219,205,271,Ｃ,Ｂ,Ｃ,Ｂ,Ｃ,Ｃ,
232,司馬攸,洛陽,洛陽,未登場,71,68,75,77,87,男,253,248,283,Ｂ,Ｂ,Ａ,Ｂ,Ｂ,Ｃ,仁政
233,司馬朗,陳留,陳留,一般,20,21,71,82,81,男,190,171,217,Ｃ,Ｃ,Ｂ,Ｃ,Ｃ,Ｃ,
234,謝旌,建業,建業,一般,64,76,34,33,44,男,197,178,221,Ａ,Ｃ,Ｃ,Ｂ,Ｃ,Ｂ,
235,車冑,下邳,下邳,死亡,49,49,40,58,50,男,184,164,199,Ｃ,Ｂ,Ｃ,Ｂ,Ｃ,Ｃ,
236,沙摩柯,武陵,武陵,在野,60,84,25,14,44,男,206,167,222,Ｃ,Ｓ,Ａ,Ｃ,Ｃ,Ｃ,猛者
237,朱異,吳,吳,未登場,70,68,60,45,54,男,215,201,257,Ｂ,Ａ,Ｂ,Ｃ,Ｃ,Ａ,
238,周昕,會稽,會稽,死亡,65,62,72,65,61,男,184,159,196,Ｂ,Ｃ,Ａ,Ｃ,Ｃ,Ｃ,風水
239,周昂,會稽,會稽,死亡,74,65,62,49,62,男,184,162,195,Ｃ,Ｃ,Ａ,Ｃ,Ａ,Ｃ,
240,周旨,襄陽,襄陽,未登場,65,85,41,29,43,男,252,233,295,Ｃ,Ｃ,Ｃ,Ａ,Ｓ,Ａ,推進
241,周倉,新野,新野,一般,62,84,42,33,60,男,184,164,219,Ｃ,Ａ,Ｃ,Ｂ,Ｃ,Ａ,推進
242,周泰,廬江,廬江,一般,76,91,48,38,60,男,189,171,225,Ａ,Ｓ,Ｃ,Ａ,Ｃ,Ｓ,水神
243,州泰,宛,宛,未登場,71,64,71,64,59,男,226,207,261,Ａ,Ｂ,Ｂ,Ｂ,Ｂ,Ｃ,
244,周魴,廬江,廬江,未登場,52,41,80,75,59,男,219,200,240,Ｃ,Ｃ,Ｂ,Ｃ,Ｃ,Ｃ,言毒
245,周瑜,柴桑,柴桑,太守,97,71,96,86,93,男,189,175,210,Ａ,Ａ,Ｓ,Ｃ,Ｃ,Ｓ,火神
246,朱桓,廬江,廬江,一般,84,82,73,56,59,男,196,177,238,Ｓ,Ａ,Ａ,Ｂ,Ｃ,Ｓ,槍將
247,朱據,吳,吳,未登場,77,57,72,70,76,男,209,190,246,Ａ,Ｂ,Ａ,Ｂ,Ｂ,Ｓ,操舵
248,祝融,雲南,雲南,未登場,74,85,29,24,74,女,214,193,246,Ａ,Ｓ,Ｃ,Ｂ,Ｃ,Ｃ,掃蕩
249,朱然,吳,吳,一般,79,69,71,60,75,男,196,182,249,Ａ,Ａ,Ａ,Ｃ,Ｂ,Ｓ,水將
250,朱治,吳,吳,一般,71,56,72,73,75,男,184,156,224,Ｂ,Ｂ,Ａ,Ｂ,Ｃ,Ｃ,親越
251,朱褒,建寧,建寧,未登場,68,73,34,32,40,男,209,191,225,Ｃ,Ａ,Ｂ,Ｃ,Ａ,Ｃ,
252,朱靈,長安,長安,一般,71,73,67,53,42,男,189,170,236,Ｂ,Ｃ,Ｃ,Ａ,Ｃ,Ｃ,
253,荀彧,許昌,許昌,一般,52,14,95,98,93,男,184,163,212,Ｃ,Ｂ,Ｂ,Ｃ,Ｃ,Ｃ,眼力
254,淳于瓊,洛陽,洛陽,死亡,72,66,29,29,36,男,184,146,200,Ｂ,Ｃ,Ｃ,Ｂ,Ｃ,Ｃ,
255,荀顗,許昌,許昌,未登場,16,13,70,74,69,男,226,207,281,Ｃ,Ｃ,Ｃ,Ｃ,Ｃ,Ｃ,
256,荀勗,許昌,許昌,未登場,8,19,77,72,53,男,244,225,289,Ｃ,Ｃ,Ｃ,Ｃ,Ｃ,Ｃ,
257,荀諶,襄平,襄平,一般,19,25,77,78,64,男,184,164,208,Ｃ,Ｃ,Ｃ,Ｃ,Ｃ,Ｃ,
258,荀攸,許昌,許昌,一般,73,26,94,88,84,男,184,157,214,Ｂ,Ｂ,Ｂ,Ｂ,Ｂ,Ｃ,百出
259,焦彝,壽春,壽春,未登場,62,69,63,42,52,男,238,219,266,Ｂ,Ｃ,Ｃ,Ｂ,Ｂ,Ｃ,
260,鍾毓,許昌,許昌,未登場,32,12,71,76,72,男,238,223,263,Ｃ,Ｃ,Ｂ,Ｃ,Ｂ,Ｃ,祈願
261,蔣琬,零陵,零陵,在野,78,34,84,93,81,男,207,188,246,Ｂ,Ｂ,Ａ,Ｃ,Ｓ,Ａ,明鏡
262,鍾會,許昌,許昌,未登場,82,51,91,79,66,男,239,225,264,Ｂ,Ｂ,Ａ,Ｃ,Ａ,Ｃ,鬼謀
263,蔣幹,壽春,壽春,一般,9,6,65,64,47,男,194,175,239,Ｃ,Ｃ,Ｃ,Ｃ,Ｃ,Ｃ,
264,蔣義渠,薊,薊,死亡,71,58,57,51,55,男,184,159,205,Ｃ,Ｃ,Ｂ,Ｂ,Ｃ,Ｃ,
265,小喬,柴桑,柴桑,一般,16,12,73,77,92,女,194,178,210,Ｃ,Ｃ,Ｂ,Ｃ,Ｃ,Ａ,奏樂
266,蔣欽,廬江,廬江,太守,78,84,51,42,74,男,187,168,219,Ｂ,Ａ,Ｓ,Ｂ,Ｃ,Ｓ,弓將
267,蔣濟,壽春,壽春,一般,48,43,85,77,56,男,207,188,249,Ｃ,Ｂ,Ａ,Ｃ,Ｂ,Ｃ,
268,譙周,成都,成都,未登場,3,3,66,71,50,男,220,201,270,Ｃ,Ｃ,Ｃ,Ｃ,Ｃ,Ｃ,
269,蔣舒,漢中,漢中,未登場,55,76,35,29,30,男,244,225,290,Ｃ,Ａ,Ｃ,Ｂ,Ｃ,Ｃ,
270,焦觸,北平,北平,一般,65,72,33,32,39,男,184,159,208,Ｃ,Ｃ,Ｃ,Ａ,Ｃ,Ｃ,
271,向寵,襄陽,襄陽,未登場,76,61,76,67,71,男,214,195,240,Ｂ,Ｂ,Ａ,Ｃ,Ｃ,Ｃ,金剛
272,邵悌,平原,平原,未登場,21,15,72,66,54,男,243,224,268,Ｃ,Ｃ,Ｃ,Ｃ,Ｃ,Ｃ,
273,蔣班,壽春,壽春,未登場,63,73,62,41,48,男,246,227,282,Ｂ,Ｃ,Ｂ,Ｃ,Ｂ,Ｃ,
274,蔣斌,零陵,零陵,未登場,27,23,64,73,74,男,230,216,263,Ｃ,Ｃ,Ｂ,Ｃ,Ｃ,Ｃ,
275,鍾繇,長安,長安,一般,70,24,76,91,80,男,184,151,230,Ｃ,Ｃ,Ｂ,Ｂ,Ｃ,Ｃ,能吏
276,鍾離牧,廬江,廬江,未登場,77,72,73,65,71,男,233,214,269,Ｃ,Ａ,Ｂ,Ｃ,Ａ,Ａ,親越
277,向朗,襄陽,襄陽,一般,28,18,73,74,69,男,196,167,247,Ｃ,Ｃ,Ｂ,Ｃ,Ｃ,Ｃ,
278,徐榮,天水,天水,死亡,80,76,57,43,42,男,186,147,190,Ｂ,Ｂ,Ｃ,Ｓ,Ｃ,Ｃ,長驅
279,諸葛恪,吳,吳,未登場,72,47,90,80,60,男,217,203,253,Ｂ,Ｃ,Ａ,Ｃ,Ｃ,Ｂ,百出
280,諸葛喬,吳,吳,未登場,62,27,75,70,77,男,218,204,228,Ｃ,Ｃ,Ａ,Ｃ,Ａ,Ｂ,
281,諸葛瑾,吳,吳,一般,75,34,81,89,90,男,195,174,241,Ｃ,Ｂ,Ａ,Ｃ,Ｃ,Ａ,論客
282,諸葛均,新野,新野,未登場,29,25,51,66,71,男,208,185,252,Ｃ,Ｃ,Ｂ,Ｃ,Ｂ,Ｃ,
283,諸葛緒,下邳,下邳,未登場,41,40,29,46,48,男,237,218,286,Ｃ,Ｃ,Ｃ,Ｂ,Ｃ,Ｃ,
284,諸葛尚,襄陽,襄陽,未登場,64,77,62,55,68,男,253,246,263,Ａ,Ａ,Ｂ,Ｂ,Ｂ,Ｃ,怒髮
285,諸葛靚,下邳,下邳,未登場,58,63,66,65,68,男,253,241,300,Ｂ,Ｂ,Ｂ,Ｃ,Ｂ,Ｂ,
286,諸葛瞻,襄陽,襄陽,未登場,71,60,70,72,75,男,241,227,263,Ｂ,Ｂ,Ａ,Ｂ,Ａ,Ｂ,待伏
287,諸葛誕,下邳,下邳,未登場,81,72,71,75,82,男,225,206,258,Ｂ,Ａ,Ａ,Ｂ,Ｃ,Ｂ,金剛
288,諸葛亮,新野,新野,未登場,92,38,100,95,92,男,208,181,234,Ｂ,Ｂ,Ｓ,Ｃ,Ｓ,Ａ,神算
289,徐晃,北平,北平,一般,88,90,74,48,71,男,188,165,228,Ａ,Ｓ,Ｂ,Ａ,Ｂ,Ｃ,沉著
290,徐氏,吳,吳,一般,41,16,80,70,84,女,197,183,232,Ｃ,Ｂ,Ｂ,Ｃ,Ｃ,Ｂ,詭計
291,徐質,安定,安定,未登場,68,83,24,26,44,男,226,207,253,Ｂ,Ｃ,Ｃ,Ａ,Ｃ,Ｃ,
292,徐庶,新野,新野,一般,84,64,93,80,81,男,206,178,232,Ｓ,Ａ,Ａ,Ａ,Ｂ,Ｂ,精妙
293,徐盛,廬江,廬江,一般,87,81,78,65,73,男,196,177,234,Ａ,Ｓ,Ａ,Ｂ,Ｂ,Ｓ,鐵壁
294,徐邈,薊,薊,一般,55,32,67,82,79,男,190,171,249,Ｃ,Ｃ,Ｂ,Ｃ,Ｃ,Ｃ,親羌
295,沈瑩,建業,建業,未登場,70,77,61,42,65,男,253,235,280,Ｂ,Ａ,Ｂ,Ｃ,Ｃ,Ａ,戟將
296,申儀,上庸,上庸,未登場,55,59,59,56,47,男,209,190,252,Ｃ,Ｂ,Ｂ,Ｃ,Ｃ,Ｃ,
297,辛憲英,鄴,鄴,一般,42,28,84,76,75,女,205,191,269,Ｃ,Ｃ,Ｂ,Ｃ,Ａ,Ｂ,規律
298,岑昏,建業,建業,未登場,1,1,33,13,4,男,253,239,280,Ｃ,Ｃ,Ｃ,Ｃ,Ｃ,Ｃ,
299,甄氏,鄴,陳留,一般,15,4,71,66,94,女,200,182,221,Ｃ,Ｃ,Ｃ,Ｃ,Ｃ,Ｂ,傾國
300,辛敞,洛陽,洛陽,未登場,50,26,42,68,67,男,224,210,272,Ｃ,Ｃ,Ｂ,Ｃ,Ｃ,Ｃ,
301,申耽,上庸,上庸,未発見,56,62,52,41,47,男,207,188,254,Ｂ,Ｃ,Ｂ,Ｃ,Ｃ,Ｃ,
302,審配,鄴,鄴,死亡,84,60,83,73,70,男,184,156,204,Ｂ,Ａ,Ａ,Ｂ,Ａ,Ｃ,鐵壁
303,辛毘,鄴,鄴,一般,39,24,78,79,72,男,189,171,240,Ｃ,Ｃ,Ｂ,Ｃ,Ｃ,Ｃ,
304,辛評,許昌,許昌,死亡,69,43,76,75,68,男,184,165,204,Ａ,Ｃ,Ｂ,Ｃ,Ｂ,Ｃ,
305,秦宓,成都,成都,一般,16,7,72,78,76,男,192,160,226,Ｃ,Ｃ,Ｃ,Ｃ,Ｃ,Ｃ,
306,秦朗,鄴,鄴,未登場,58,70,35,15,42,男,211,192,234,Ｂ,Ｃ,Ｃ,Ｂ,Ｃ,Ｃ,
307,眭元進,南皮,南皮,死亡,52,68,45,32,49,男,184,155,200,Ｃ,Ｂ,Ｂ,Ｃ,Ｂ,Ｃ,
308,眭固,濮陽,濮陽,死亡,63,71,38,7,33,男,184,151,199,Ａ,Ｃ,Ｂ,Ｃ,Ｃ,Ｃ,掠奪
309,鄒氏,天水,天水,死亡,4,6,36,42,89,女,184,165,197,Ｃ,Ｃ,Ｃ,Ｂ,Ｃ,Ｃ,奏樂
310,鄒靖,薊,薊,死亡,70,64,66,59,67,男,184,144,193,Ａ,Ｃ,Ｂ,Ｂ,Ｃ,Ｃ,
311,鄒丹,北平,北平,死亡,61,64,34,37,39,男,184,148,195,Ｃ,Ｃ,Ｃ,Ａ,Ｃ,Ｃ,
312,成宜,安定,安定,一般,74,72,41,48,56,男,184,168,211,Ｂ,Ｃ,Ｃ,Ａ,Ｂ,Ｃ,繁殖
313,成公英,天水,天水,一般,73,71,80,62,68,男,189,172,220,Ｃ,Ｂ,Ｂ,Ａ,Ａ,Ｃ,親羌
314,盛曼,江陵,江陵,未登場,61,68,66,50,57,男,244,225,276,Ｃ,Ｂ,Ａ,Ｃ,Ｂ,Ａ,
315,石苞,南皮,南皮,未登場,69,71,56,53,60,男,233,214,272,Ａ,Ｂ,Ｂ,Ｂ,Ｂ,Ｃ,風水
316,薛瑩,吳,吳,未登場,49,18,64,74,62,男,237,223,282,Ｃ,Ｃ,Ｂ,Ｃ,Ｂ,Ｂ,
317,薛珝,吳,吳,未登場,17,15,68,72,49,男,235,221,271,Ｃ,Ｃ,Ｃ,Ｃ,Ｂ,Ｂ,
318,薛綜,吳,吳,一般,34,16,72,80,63,男,206,187,243,Ｃ,Ｃ,Ｃ,Ｃ,Ｂ,Ｂ,
319,全禕,吳,吳,未登場,61,68,44,32,56,男,244,230,274,Ｂ,Ｃ,Ｂ,Ｃ,Ｃ,Ａ,
320,全懌,吳,吳,未登場,60,63,38,43,53,男,226,212,265,Ｃ,Ｂ,Ｂ,Ｃ,Ｃ,Ａ,
321,全紀,吳,吳,未登場,49,69,61,70,63,男,245,231,258,Ｂ,Ｃ,Ｂ,Ｃ,Ｃ,Ｂ,
322,單經,北平,北平,死亡,71,68,43,49,54,男,184,156,199,Ｂ,Ｃ,Ｃ,Ａ,Ｂ,Ｃ,
323,全尚,吳,吳,未登場,2,4,12,41,59,男,227,208,258,Ｃ,Ｃ,Ｃ,Ｃ,Ｃ,Ｂ,
324,全琮,吳,吳,一般,78,72,71,61,67,男,202,183,249,Ａ,Ｂ,Ａ,Ｃ,Ａ,Ｓ,強襲
325,全端,吳,吳,未登場,67,64,39,37,59,男,218,204,261,Ｂ,Ｂ,Ｃ,Ｃ,Ｃ,Ａ,
326,曹宇,鄴,鄴,未登場,50,43,37,52,60,男,213,199,260,Ｂ,Ｂ,Ｃ,Ｃ,Ｃ,Ｃ,
327,曹叡,鄴,鄴,未登場,72,52,82,82,88,男,219,205,239,Ｂ,Ｃ,Ａ,Ｂ,Ｂ,Ｂ,突襲
328,曹奐,鄴,鄴,未登場,13,15,30,45,65,男,253,246,302,Ｃ,Ｃ,Ｃ,Ｃ,Ｃ,Ｃ,
329,曹羲,鄴,鄴,未登場,30,26,50,53,45,男,224,210,249,Ｃ,Ｃ,Ｂ,Ｃ,Ｃ,Ｃ,
330,曹休,長安,長安,一般,74,75,58,56,67,男,189,174,228,Ｂ,Ｃ,Ｓ,Ａ,Ｃ,Ｂ,射手
331,曹訓,鄴,鄴,未登場,18,34,11,13,28,男,226,212,249,Ｃ,Ｃ,Ｃ,Ｂ,Ｃ,Ｃ,
332,宋憲,晉陽,晉陽,死亡,68,77,38,27,31,男,184,157,200,Ｂ,Ｂ,Ｃ,Ａ,Ｃ,Ｃ,
333,宋謙,建業,建業,一般,66,78,42,39,64,男,194,175,227,Ｃ,Ａ,Ｃ,Ｂ,Ｃ,Ｂ,
334,曹昂,陳留,陳留,死亡,74,67,66,68,77,男,189,175,197,Ｂ,Ａ,Ｃ,Ｂ,Ｃ,Ｃ,血路
335,曹洪,長安,長安,太守,79,81,44,35,54,男,188,169,232,Ｓ,Ａ,Ｃ,Ａ,Ｃ,Ｃ,連擊
336,曹純,南皮,南皮,一般,75,71,60,35,72,男,189,170,210,Ｂ,Ｃ,Ｃ,Ｓ,Ｃ,Ｃ,
337,曹彰,薊,薊,一般,82,90,40,35,76,男,204,190,223,Ａ,Ｂ,Ｃ,Ｓ,Ｂ,Ｃ,疾馳
338,曹植,鄴,鄴,一般,18,22,81,70,80,男,206,192,232,Ｃ,Ｃ,Ｃ,Ｃ,Ｂ,Ｃ,詩想
339,曹真,鄴,陳留,一般,87,74,68,72,88,男,204,185,231,Ａ,Ｂ,Ｂ,Ｓ,Ｃ,Ｃ,精妙
340,曹仁,宛,宛,都督,89,86,56,46,76,男,187,168,223,Ａ,Ｓ,Ｃ,Ａ,Ｃ,Ｃ,鐵壁
341,曹性,晉陽,晉陽,死亡,54,74,38,27,39,男,184,163,198,Ｃ,Ｃ,Ａ,Ｂ,Ｃ,Ｃ,
342,曹操,鄴,鄴,君主,96,72,91,94,96,男,184,155,220,Ｓ,Ｓ,Ａ,Ａ,Ｂ,Ｃ,虛實
343,曹爽,鄴,鄴,未登場,39,33,30,66,51,男,221,207,249,Ｃ,Ｃ,Ｃ,Ｂ,Ｃ,Ｃ,
344,曹沖,許昌,許昌,一般,31,21,85,79,83,男,207,196,208,Ｃ,Ｃ,Ｃ,Ｃ,Ａ,Ｂ,仁政
345,臧霸,下邳,下邳,太守,74,75,52,56,71,男,184,165,231,Ａ,Ｂ,Ｃ,Ａ,Ｃ,Ｃ,威壓
346,曹丕,鄴,鄴,一般,70,71,83,86,82,男,200,187,226,Ｂ,Ｂ,Ａ,Ｂ,Ｃ,Ｃ,射手
347,曹豹,下邳,下邳,死亡,54,69,32,21,26,男,184,151,196,Ｂ,Ｃ,Ｂ,Ｂ,Ｃ,Ｃ,
348,曹芳,鄴,鄴,未登場,5,3,27,48,72,男,239,232,274,Ｃ,Ｃ,Ｃ,Ｃ,Ｃ,Ｃ,
349,曹髦,鄴,鄴,未登場,54,61,59,75,80,男,253,241,260,Ａ,Ｃ,Ｃ,Ｂ,Ｃ,Ｃ,怒髮
350,曹熊,鄴,鄴,未登場,9,5,52,64,68,男,209,194,220,Ｃ,Ｃ,Ｃ,Ｃ,Ｃ,Ｃ,
351,沮鵠,鄴,鄴,死亡,55,51,66,67,72,男,198,184,204,Ｃ,Ｃ,Ｂ,Ｂ,Ｃ,Ｃ,
352,沮授,鄴,鄴,死亡,78,35,90,89,74,男,184,156,201,Ｂ,Ｂ,Ａ,Ａ,Ａ,Ｃ,
353,蘇飛,江夏,江夏,一般,69,63,66,62,63,男,191,172,221,Ｃ,Ａ,Ｂ,Ｃ,Ｃ,Ａ,
354,祖茂,下邳,下邳,死亡,70,71,62,53,65,男,184,155,190,Ｃ,Ａ,Ｃ,Ｂ,Ｃ,Ａ,
355,蘇由,南皮,南皮,一般,50,59,49,41,49,男,184,164,210,Ｃ,Ｂ,Ｂ,Ｃ,Ｃ,Ｃ,
356,孫異,吳,吳,未登場,69,71,55,62,61,男,237,223,272,Ｂ,Ｂ,Ａ,Ｃ,Ｂ,Ａ,
357,孫和,吳,吳,未登場,31,39,68,71,76,男,238,224,253,Ｃ,Ｃ,Ａ,Ｂ,Ｃ,Ａ,
358,孫桓,吳,吳,未登場,82,73,72,68,78,男,216,197,228,Ｂ,Ａ,Ｓ,Ｃ,Ｂ,Ａ,鐵壁
359,孫觀,下邳,下邳,一般,72,78,51,39,66,男,184,166,217,Ｂ,Ｃ,Ｃ,Ａ,Ｂ,Ｃ,威壓
360,孫冀,吳,吳,未登場,60,67,51,60,66,男,246,227,278,Ｂ,Ｂ,Ｂ,Ｃ,Ｃ,Ａ,
361,孫休,吳,吳,未登場,57,39,78,75,81,男,249,235,264,Ｃ,Ｃ,Ｃ,Ｃ,Ｃ,Ａ,
362,孫匡,建業,建業,一般,52,46,44,65,56,男,200,186,207,Ｂ,Ｂ,Ｂ,Ｃ,Ｃ,Ａ,
363,孫歆,吳,吳,未登場,66,69,35,38,36,男,249,235,280,Ｂ,Ｃ,Ｂ,Ｃ,Ｃ,Ａ,
364,孫堅,下邳,下邳,死亡,93,90,74,73,91,男,184,156,192,Ｓ,Ｓ,Ｃ,Ａ,Ｃ,Ｓ,驅逐
365,孫乾,新野,新野,一般,34,33,78,84,84,男,184,165,215,Ｃ,Ｃ,Ｃ,Ｃ,Ｂ,Ｃ,論客
366,孫権,吳,吳,君主,76,67,80,89,95,男,196,182,252,Ｂ,Ａ,Ｃ,Ｃ,Ｃ,Ａ,指導
367,孫皓,吳,吳,未登場,13,28,31,6,3,男,253,242,284,Ｃ,Ｃ,Ｃ,Ｃ,Ｃ,Ｃ,
368,孫皎,建業,建業,一般,77,72,66,71,73,男,200,181,219,Ｂ,Ａ,Ａ,Ｃ,Ａ,Ａ,搬運
369,孫策,吳,吳,死亡,92,92,69,70,92,男,189,175,200,Ｓ,Ａ,Ｂ,Ｓ,Ａ,Ｓ,勇將
370,孫氏,吳,吳,一般,23,22,62,72,80,女,203,188,250,Ｃ,Ｃ,Ｂ,Ｃ,Ｃ,Ａ,祈願
371,孫秀,吳,吳,未登場,55,51,53,57,68,男,249,235,299,Ｂ,Ｃ,Ａ,Ｃ,Ｃ,Ａ,
372,孫峻,吳,吳,未登場,64,70,65,26,11,男,238,219,256,Ｂ,Ｃ,Ｂ,Ｃ,Ｃ,Ｂ,
373,孫韶,吳,吳,一般,80,79,75,69,74,男,207,188,241,Ｂ,Ａ,Ｃ,Ａ,Ｃ,Ｓ,推進
374,孫尚香,吳,吳,一般,72,86,67,63,86,女,207,193,222,Ａ,Ｂ,Ｓ,Ｂ,Ｃ,Ｓ,弓將
375,孫震,吳,吳,未登場,67,70,48,44,54,男,253,234,280,Ｂ,Ａ,Ｃ,Ｃ,Ｂ,Ｃ,
376,孫靜,下邳,下邳,死亡,66,53,72,71,72,男,184,160,206,Ｃ,Ｃ,Ｂ,Ｃ,Ｂ,Ａ,
377,孫仲,濮陽,濮陽,死亡,62,71,36,8,14,男,184,154,184,Ｂ,Ｃ,Ｃ,Ｂ,Ｃ,Ｃ,
378,孫綝,吳,吳,未登場,25,39,65,17,7,男,250,231,258,Ｂ,Ｃ,Ｃ,Ｃ,Ｃ,Ｂ,
379,孫登,吳,吳,未登場,62,37,79,80,87,男,223,209,241,Ｂ,Ｂ,Ａ,Ｃ,Ａ,Ａ,仁政
380,孫瑜,柴桑,吳,一般,77,70,68,69,78,男,191,177,215,Ａ,Ｂ,Ａ,Ｂ,Ａ,Ｓ,親越
381,孫翊,吳,吳,死亡,67,78,27,16,45,男,198,184,204,Ａ,Ｃ,Ｃ,Ａ,Ｃ,Ａ,水將
382,孫亮,吳,吳,未登場,21,7,70,76,70,男,253,243,260,Ｃ,Ｃ,Ｂ,Ｃ,Ｃ,Ｂ,
383,孫禮,薊,薊,一般,78,81,62,73,74,男,204,180,250,Ｂ,Ａ,Ｃ,Ａ,Ｂ,Ｃ,猛者
384,孫朗,吳,吳,一般,34,43,30,40,45,男,201,187,226,Ｃ,Ｃ,Ｂ,Ｃ,Ｂ,Ｂ,
385,孫魯班,吳,吳,未登場,26,28,72,64,68,女,216,202,250,Ｃ,Ｂ,Ｃ,Ｃ,Ｃ,Ａ,怒髮
386,大喬,柴桑,柴桑,一般,17,11,72,78,92,女,194,177,210,Ｃ,Ｃ,Ｂ,Ｃ,Ｃ,Ａ,奏樂
387,太史享,建業,建業,一般,57,66,48,59,60,男,207,189,246,Ｃ,Ｂ,Ｃ,Ｂ,Ｃ,Ｂ,
388,太史慈,建業,建業,都督,82,93,66,58,79,男,185,166,209,Ａ,Ｓ,Ｃ,Ｓ,Ｃ,Ｂ,戟神
389,帶來洞主,雲南,雲南,未登場,51,53,53,43,62,男,217,195,249,Ｃ,Ｂ,Ｂ,Ｃ,Ｃ,Ｃ,親蠻
390,戴陵,安定,安定,未登場,70,75,39,48,50,男,218,199,258,Ｂ,Ｃ,Ｃ,Ａ,Ｃ,Ｃ,
391,朵思大王,雲南,雲南,未登場,62,59,70,54,47,男,217,186,225,Ｃ,Ｂ,Ａ,Ｃ,Ｃ,Ｃ,解毒
392,譚雄,武陵,武陵,在野,58,73,14,20,37,男,207,188,221,Ａ,Ｃ,Ｃ,Ｂ,Ｃ,Ｂ,
393,張允,襄陽,襄陽,一般,72,67,42,56,48,男,187,163,208,Ｃ,Ｃ,Ａ,Ｃ,Ｃ,Ｓ,
394,趙雲,新野,新野,一般,91,96,76,65,81,男,187,168,229,Ｓ,Ｂ,Ｓ,Ｓ,Ｃ,Ｂ,洞察
395,張衛,漢中,漢中,一般,74,66,45,44,61,男,191,172,215,Ｃ,Ａ,Ｂ,Ｃ,Ｃ,Ｃ,
396,張英,建業,建業,死亡,75,74,41,34,49,男,184,154,195,Ａ,Ｂ,Ｂ,Ｃ,Ｃ,Ｃ,
397,張燕,薊,薊,一般,82,81,53,48,63,男,184,153,210,Ｂ,Ｂ,Ｃ,Ｓ,Ａ,Ｃ,長驅
398,張橫,天水,天水,一般,59,70,23,24,49,男,197,178,211,Ｃ,Ｃ,Ｃ,Ａ,Ｃ,Ｃ,
399,張溫,吳,吳,未登場,17,10,71,78,70,男,210,193,231,Ｃ,Ｃ,Ｃ,Ｃ,Ｃ,Ｂ,
400,張華,薊,薊,未登場,36,27,78,79,64,男,251,232,300,Ｃ,Ｃ,Ｃ,Ｃ,Ｂ,Ｃ,
401,張闓,小沛,小沛,死亡,34,66,8,1,10,男,184,155,202,Ｂ,Ｂ,Ｃ,Ｃ,Ｃ,Ｃ,掠奪
402,張角,平原,平原,死亡,86,25,86,80,98,男,184,140,184,Ａ,Ｓ,Ａ,Ｃ,Ａ,Ｃ,鬼門
403,張既,長安,長安,一般,74,35,75,88,81,男,189,170,223,Ｃ,Ｂ,Ｂ,Ａ,Ｓ,Ｃ,親羌
404,張休,吳,吳,未登場,53,27,74,77,73,男,222,204,244,Ｃ,Ｃ,Ｂ,Ｃ,Ｂ,Ｂ,
405,張球,壽春,壽春,未登場,69,72,44,30,46,男,220,201,263,Ｃ,Ｃ,Ｃ,Ａ,Ｂ,Ｃ,突襲
406,張嶷,成都,成都,未登場,79,72,74,77,76,男,209,190,254,Ａ,Ａ,Ａ,Ｃ,Ａ,Ｃ,踏破
407,張勳,宛,宛,死亡,72,68,41,39,59,男,184,156,206,Ｂ,Ａ,Ｃ,Ｃ,Ｃ,Ｂ,
408,張虎,晉陽,晉陽,未登場,75,74,41,44,61,男,209,195,240,Ｂ,Ａ,Ｂ,Ａ,Ｂ,Ｃ,
409,張紘,吳,吳,一般,24,22,86,95,82,男,194,153,212,Ｃ,Ｃ,Ｃ,Ｃ,Ａ,Ｂ,築城
410,張郃,汝南,汝南,一般,90,89,69,57,71,男,184,167,231,Ａ,Ｂ,Ｃ,Ｓ,Ａ,Ｃ,昂揚
411,趙廣,新野,新野,未登場,67,71,53,53,62,男,224,210,263,Ｃ,Ｂ,Ｂ,Ａ,Ｂ,Ｃ,
412,趙弘,濮陽,濮陽,死亡,66,72,28,22,19,男,184,156,184,Ｂ,Ｃ,Ｃ,Ｂ,Ｃ,Ｃ,
413,張濟,天水,天水,死亡,70,66,52,53,55,男,184,144,196,Ｃ,Ｃ,Ｃ,Ａ,Ｃ,Ｃ,
414,張繡,南皮,南皮,太守,80,73,60,45,59,男,184,154,207,Ｃ,Ｃ,Ｂ,Ｓ,Ｂ,Ｃ,騎將
415,張緝,長安,長安,未登場,31,29,70,74,50,男,215,196,254,Ｃ,Ｃ,Ｂ,Ｃ,Ｃ,Ｃ,
416,張遵,新野,新野,未登場,63,68,66,59,57,男,238,224,263,Ｂ,Ａ,Ｂ,Ｃ,Ｃ,Ｃ,
417,張春華,洛陽,洛陽,一般,60,9,76,72,68,女,203,189,234,Ｃ,Ｃ,Ｃ,Ｂ,Ｂ,Ｃ,秘計
418,張昭,吳,吳,一般,33,3,84,97,80,男,194,156,236,Ｂ,Ｃ,Ｃ,Ｃ,Ｃ,Ｃ,
419,張松,成都,成都,一般,15,6,88,82,19,男,189,170,212,Ｃ,Ｃ,Ｃ,Ｃ,Ｃ,Ｃ,秘計
420,張紹,新野,新野,未登場,8,12,31,59,52,男,216,202,264,Ｃ,Ｃ,Ｃ,Ｃ,Ｃ,Ｃ,
421,張承,建業,建業,一般,77,70,75,73,74,男,197,178,244,Ｂ,Ａ,Ａ,Ｃ,Ｂ,Ａ,水將
422,張任,成都,成都,一般,88,84,78,59,76,男,188,169,214,Ａ,Ｓ,Ｓ,Ｃ,Ｂ,Ｃ,弓將
423,貂蟬,洛陽,洛陽,死亡,10,26,81,65,94,女,194,176,198,Ｃ,Ｃ,Ｂ,Ｂ,Ｃ,Ｂ,傾國
424,張悌,襄陽,襄陽,未登場,67,43,80,78,83,男,253,236,280,Ａ,Ｃ,Ｂ,Ｃ,Ｃ,Ａ,不屈
425,趙統,新野,新野,未登場,68,67,61,54,58,男,223,209,260,Ｂ,Ｃ,Ｂ,Ａ,Ｃ,Ｃ,
426,張特,薊,薊,未登場,73,54,75,66,68,男,228,209,265,Ｃ,Ａ,Ｂ,Ｃ,Ａ,Ｃ,言毒
427,張南,北平,北平,一般,57,71,46,34,34,男,187,168,208,Ｃ,Ｃ,Ｃ,Ａ,Ｃ,Ｃ,
428,張南,武陵,武陵,未登場,70,69,37,43,59,男,209,187,222,Ｂ,Ｂ,Ｃ,Ｂ,Ｃ,Ｃ,
429,張邈,晉陽,晉陽,死亡,52,53,70,74,85,男,184,155,195,Ｃ,Ｂ,Ｂ,Ｂ,Ｃ,Ｃ,名聲
430,趙範,桂陽,桂陽,君主,28,21,32,58,56,男,187,168,218,Ｃ,Ｃ,Ｃ,Ｂ,Ｃ,Ｃ,
431,張飛,新野,新野,一般,85,98,30,22,45,男,184,167,221,Ｓ,Ｓ,Ｃ,Ａ,Ｃ,Ｃ,鬥神
432,張布,吳,吳,未登場,31,24,71,66,41,男,244,225,264,Ｃ,Ｃ,Ｃ,Ｃ,Ｃ,Ｂ,
433,張苞,新野,新野,未登場,75,87,48,46,68,男,212,198,229,Ｓ,Ａ,Ｂ,Ａ,Ｃ,Ｃ,掃蕩
434,張寶,濮陽,濮陽,死亡,83,71,81,64,82,男,184,148,184,Ｓ,Ｂ,Ａ,Ｂ,Ｓ,Ｃ,鬼門
435,張曼成,宛,宛,死亡,73,81,45,37,53,男,184,143,184,Ａ,Ｂ,Ｃ,Ｂ,Ａ,Ｃ,威壓
436,張楊,晉陽,晉陽,死亡,72,70,62,58,68,男,184,151,195,Ｃ,Ｃ,Ｂ,Ａ,Ｃ,Ｃ,
437,張翼,成都,成都,未発見,75,74,71,72,70,男,207,188,264,Ｂ,Ａ,Ａ,Ｃ,Ａ,Ｃ,親蠻
438,張遼,北平,北平,都督,93,92,78,58,78,男,188,169,222,Ｓ,Ｓ,Ｂ,Ｓ,Ｂ,Ｃ,威風
439,張梁,許昌,許昌,死亡,78,80,68,52,80,男,184,153,184,Ｓ,Ｃ,Ｃ,Ａ,Ａ,Ｃ,妖術
440,趙累,江陵,江陵,在野,70,43,67,74,71,男,202,183,219,Ｂ,Ｂ,Ａ,Ｃ,Ａ,Ｃ,輔佐
441,張魯,漢中,漢中,君主,51,26,73,78,89,男,184,163,237,Ｂ,Ｃ,Ｂ,Ｃ,Ｃ,Ｃ,米道
442,陳橫,建業,建業,死亡,64,63,26,35,43,男,184,161,195,Ｃ,Ａ,Ｂ,Ｃ,Ｃ,Ｃ,
443,陳應,桂陽,桂陽,一般,62,72,45,27,40,男,203,172,208,Ａ,Ｂ,Ｃ,Ｃ,Ｃ,Ｃ,
444,陳紀,柴桑,柴桑,死亡,58,65,43,48,32,男,184,165,198,Ｃ,Ａ,Ｂ,Ｃ,Ｃ,Ｃ,
445,陳宮,濮陽,濮陽,死亡,78,55,89,83,68,男,184,154,198,Ｂ,Ｂ,Ａ,Ｂ,Ａ,Ｃ,掎角
446,陳矯,下邳,下邳,一般,61,27,76,83,64,男,194,175,237,Ｃ,Ｂ,Ａ,Ｃ,Ｂ,Ｃ,
447,陳群,鄴,鄴,一般,32,14,74,96,73,男,186,167,235,Ｃ,Ｃ,Ｃ,Ｃ,Ｃ,Ｃ,
448,陳珪,下邳,下邳,死亡,15,4,82,77,76,男,184,132,206,Ｃ,Ｃ,Ｃ,Ｃ,Ｂ,Ｃ,言毒
449,陳騫,下邳,下邳,未登場,72,71,65,57,50,男,233,214,292,Ａ,Ｃ,Ｃ,Ｂ,Ａ,Ｂ,
450,陳壽,成都,成都,未登場,12,22,60,75,51,男,252,233,297,Ｃ,Ｃ,Ｃ,Ｃ,Ｃ,Ｃ,
451,陳式,成都,成都,未登場,70,71,25,23,30,男,210,191,230,Ｂ,Ｃ,Ｃ,Ｂ,Ａ,Ｂ,踏破
452,陳震,新野,新野,一般,46,46,68,76,73,男,189,170,235,Ｃ,Ｃ,Ｂ,Ｃ,Ｃ,Ｃ,
453,陳泰,許昌,許昌,未登場,84,73,86,78,77,男,224,210,260,Ｓ,Ａ,Ａ,Ａ,Ａ,Ｃ,精妙
454,陳登,下邳,下邳,一般,79,64,81,80,61,男,188,169,207,Ｂ,Ａ,Ａ,Ｃ,Ｓ,Ｃ,詭計
455,陳到,新野,新野,一般,76,71,63,53,69,男,194,171,237,Ａ,Ｃ,Ｂ,Ａ,Ｂ,Ｃ,
456,陳表,廬江,廬江,未登場,66,42,74,78,72,男,218,204,237,Ｃ,Ａ,Ｂ,Ｃ,Ｃ,Ａ,攻心
457,陳武,廬江,廬江,一般,74,87,43,40,62,男,195,176,215,Ａ,Ｓ,Ｃ,Ｃ,Ｃ,Ｓ,戟將
458,陳蘭,汝南,汝南,死亡,66,69,40,24,38,男,184,157,204,Ｂ,Ａ,Ｃ,Ｃ,Ｂ,Ｃ,
459,陳琳,鄴,陳留,一般,10,9,74,78,72,男,184,160,217,Ｃ,Ｃ,Ｃ,Ｃ,Ｂ,Ｃ,詩想
460,程昱,濮陽,濮陽,太守,70,49,90,79,58,男,184,141,220,Ａ,Ｃ,Ｃ,Ｃ,Ａ,Ｃ,掎角
461,程遠志,南皮,南皮,死亡,69,74,17,24,35,男,184,145,184,Ａ,Ｃ,Ｃ,Ａ,Ｂ,Ｃ,
462,丁儀,小沛,小沛,一般,15,5,64,72,51,男,203,184,220,Ｃ,Ｃ,Ｃ,Ｃ,Ｂ,Ｃ,
463,程銀,安定,安定,一般,69,73,40,36,50,男,184,169,211,Ｃ,Ｂ,Ｃ,Ａ,Ｃ,Ｃ,
464,丁原,晉陽,晉陽,死亡,70,76,35,40,74,男,184,137,190,Ｃ,Ｃ,Ｂ,Ａ,Ｃ,Ｃ,
465,程普,廬江,廬江,一般,84,79,79,74,85,男,184,151,216,Ａ,Ａ,Ａ,Ｂ,Ｂ,Ｓ,名聲
466,程武,濮陽,濮陽,未登場,56,35,75,71,45,男,215,201,265,Ｂ,Ｂ,Ｃ,Ｃ,Ｃ,Ｃ,
467,程秉,會稽,會稽,一般,16,15,71,72,65,男,191,172,226,Ｃ,Ｃ,Ｃ,Ｃ,Ｂ,Ｂ,
468,丁奉,廬江,廬江,一般,81,80,71,55,56,男,207,190,271,Ｓ,Ａ,Ｂ,Ａ,Ｂ,Ｓ,突襲
469,丁封,廬江,廬江,未登場,66,66,53,39,61,男,217,198,266,Ａ,Ｃ,Ｃ,Ｂ,Ｃ,Ａ,
470,典韋,陳留,陳留,死亡,56,95,35,29,58,男,184,160,197,Ｂ,Ａ,Ｃ,Ｃ,Ｃ,Ｃ,護衛
471,田楷,北平,北平,死亡,68,65,56,61,63,男,184,154,199,Ｃ,Ｃ,Ｂ,Ａ,Ｂ,Ｃ,
472,田續,薊,薊,未登場,47,60,55,15,32,男,237,218,272,Ｂ,Ｃ,Ｃ,Ｂ,Ｂ,Ｃ,
473,田疇,北平,北平,在野,66,66,72,76,74,男,188,169,214,Ｃ,Ｃ,Ｂ,Ｂ,Ｃ,Ｃ,風水
474,田豐,鄴,鄴,死亡,72,29,93,87,64,男,184,162,200,Ａ,Ｂ,Ｂ,Ｃ,Ａ,Ｃ,
475,典滿,陳留,陳留,一般,51,73,39,26,52,男,195,181,235,Ｃ,Ａ,Ｃ,Ｃ,Ｃ,Ｃ,
476,田予,薊,薊,一般,80,72,80,78,75,男,189,171,252,Ｂ,Ｂ,Ａ,Ａ,Ａ,Ｃ,親烏
477,滕胤,吳,吳,未登場,29,41,71,76,64,男,221,194,256,Ｃ,Ｃ,Ｂ,Ｃ,Ｂ,Ｂ,
478,董允,江州,江州,未登場,47,28,78,91,79,男,214,192,246,Ｃ,Ｃ,Ｂ,Ｃ,Ｂ,Ｃ,指導
479,董和,江州,江州,一般,57,34,74,87,76,男,187,168,219,Ｃ,Ｂ,Ａ,Ｃ,Ｃ,Ｃ,親蠻
480,鄧艾,新野,新野,未登場,94,87,89,81,70,男,216,197,264,Ｓ,Ａ,Ａ,Ａ,Ｓ,Ｃ,強行
481,黨均,襄陽,襄陽,未登場,33,24,77,59,47,男,248,229,264,Ｂ,Ｃ,Ｃ,Ｃ,Ａ,Ｃ,
482,董厥,新野,新野,未登場,65,59,76,78,66,男,223,204,271,Ｃ,Ｃ,Ａ,Ｃ,Ａ,Ｃ,
483,陶謙,長安,長安,死亡,51,27,63,63,77,男,184,132,194,Ｃ,Ｂ,Ｂ,Ｃ,Ｃ,Ｃ,
484,鄧賢,武威,武威,未登場,61,73,45,36,51,男,208,188,248,Ｂ,Ｃ,Ｂ,Ｃ,Ｂ,Ｃ,
485,鄧芝,新野,新野,未発見,73,52,81,85,88,男,201,182,251,Ｂ,Ｃ,Ａ,Ｂ,Ａ,Ｃ,論客
486,唐咨,下邳,下邳,未登場,61,71,50,52,61,男,225,196,265,Ａ,Ｃ,Ｂ,Ｃ,Ｃ,Ａ,造船
487,董襲,廬江,廬江,一般,72,85,50,48,60,男,188,169,215,Ａ,Ａ,Ｂ,Ｃ,Ｂ,Ｓ,推進
488,滕脩,宛,宛,未登場,44,32,31,71,62,男,247,228,288,Ｃ,Ｃ,Ｂ,Ｃ,Ｃ,Ｂ,
489,陶濬,建業,建業,未登場,65,66,46,44,55,男,253,238,285,Ｃ,Ｃ,Ｂ,Ｃ,Ａ,Ａ,
490,董承,鄴,鄴,死亡,56,53,65,63,75,男,184,154,200,Ｃ,Ｃ,Ｃ,Ｂ,Ｂ,Ｃ,
491,董昭,南皮,南皮,一般,19,25,80,82,59,男,184,156,236,Ｃ,Ｃ,Ｃ,Ｃ,Ｂ,Ｃ,搬運
492,董卓,天水,天水,死亡,74,87,69,19,37,男,184,139,192,Ｃ,Ｃ,Ａ,Ａ,Ｃ,Ｃ,徵稅
493,鄧忠,新野,新野,未登場,72,85,69,55,71,男,244,230,264,Ｓ,Ｂ,Ｂ,Ａ,Ａ,Ｃ,槍將
494,董朝,會稽,會稽,未登場,17,13,56,71,61,男,240,221,281,Ｃ,Ｃ,Ｃ,Ｃ,Ｂ,Ｂ,
495,董荼那,雲南,雲南,未登場,68,73,31,37,49,男,217,189,225,Ｂ,Ａ,Ｃ,Ｃ,Ｃ,Ｃ,
496,唐彬,小沛,小沛,未登場,67,74,59,53,58,男,253,235,294,Ｂ,Ｃ,Ｂ,Ｂ,Ａ,Ａ,
497,董旻,天水,天水,死亡,49,60,25,12,23,男,184,149,192,Ｃ,Ｃ,Ｃ,Ｂ,Ｃ,Ｃ,
498,鄧茂,南皮,南皮,死亡,61,75,29,17,28,男,184,147,184,Ｂ,Ｃ,Ｃ,Ａ,Ｃ,Ｃ,
499,杜畿,洛陽,洛陽,一般,66,32,74,87,76,男,184,163,224,Ｃ,Ｃ,Ｂ,Ｃ,Ａ,Ｂ,搬運
500,杜預,長安,長安,未登場,85,30,85,80,81,男,241,222,284,Ａ,Ｂ,Ｓ,Ｃ,Ｓ,Ｓ,昂揚
501,甯隨,天水,天水,未登場,67,69,72,44,52,男,253,234,264,Ｃ,Ｃ,Ｃ,Ａ,Ｃ,Ｃ,屯田
502,裴元紹,平原,平原,死亡,49,65,25,27,42,男,184,169,200,Ｂ,Ｂ,Ｃ,Ｃ,Ｃ,Ｃ,
503,裴秀,晉陽,晉陽,未登場,8,9,70,79,37,男,243,223,271,Ｃ,Ｃ,Ｃ,Ｃ,Ｓ,Ｃ,發明
504,馬雲騄,安定,安定,一般,78,88,53,46,77,女,197,183,225,Ａ,Ｃ,Ｂ,Ｓ,Ｃ,Ｂ,騎將
505,馬玩,天水,天水,一般,71,74,16,23,37,男,189,170,211,Ｂ,Ｃ,Ｃ,Ａ,Ｃ,Ｃ,
506,馬休,武威,武威,一般,68,73,48,45,68,男,192,178,211,Ｂ,Ｂ,Ｃ,Ｓ,Ｃ,Ｃ,長驅
507,馬鈞,安定,安定,未登場,2,7,60,70,41,男,219,200,259,Ｃ,Ｃ,Ｃ,Ｃ,Ｓ,Ｃ,發明
508,波才,許昌,許昌,死亡,71,74,52,25,33,男,184,145,184,Ａ,Ｂ,Ｃ,Ｃ,Ａ,Ｃ,威壓
509,馬遵,天水,天水,未登場,38,52,31,51,48,男,215,196,260,Ｃ,Ｃ,Ｃ,Ｂ,Ｃ,Ｃ,
510,馬謖,襄陽,襄陽,未登場,61,67,87,68,67,男,209,190,228,Ｂ,Ｃ,Ｂ,Ｂ,Ｃ,Ｃ,百出
511,馬岱,安定,安定,一般,81,85,56,54,74,男,197,183,246,Ｂ,Ｂ,Ｂ,Ｓ,Ｂ,Ｃ,沉著
512,馬忠,廬江,廬江,一般,67,77,64,36,38,男,205,186,222,Ｃ,Ａ,Ｂ,Ｃ,Ｃ,Ｂ,捕縛
513,馬忠,梓潼,梓潼,一般,78,72,68,78,79,男,205,187,249,Ｂ,Ａ,Ａ,Ｃ,Ａ,Ｃ,踏破
514,馬超,安定,安定,太守,88,97,44,26,82,男,189,176,226,Ａ,Ｂ,Ｃ,Ｓ,Ｂ,Ｃ,騎神
515,馬鐵,安定,安定,一般,70,62,56,52,62,男,193,179,211,Ｃ,Ｃ,Ｂ,Ｓ,Ｂ,Ｃ,親羌
516,馬騰,武威,武威,君主,82,80,51,59,89,男,184,149,211,Ｂ,Ａ,Ｃ,Ｓ,Ｃ,Ｃ,繁殖
517,馬邈,梓潼,梓潼,未登場,19,12,7,35,12,男,240,221,265,Ｃ,Ｃ,Ｃ,Ｃ,Ｃ,Ｃ,
518,馬良,襄陽,襄陽,在野,46,23,85,90,86,男,206,187,222,Ｃ,Ｃ,Ｂ,Ｃ,Ｂ,Ｂ,能吏
519,萬彧,建業,建業,未登場,21,25,71,65,41,男,253,240,272,Ｃ,Ｃ,Ｃ,Ｃ,Ｂ,Ｃ,
520,樊建,新野,新野,未登場,41,24,71,77,73,男,224,205,270,Ｃ,Ｃ,Ｂ,Ｃ,Ｂ,Ｃ,
521,樊氏,桂陽,桂陽,一般,23,22,72,69,76,女,200,176,215,Ｃ,Ｃ,Ｂ,Ｂ,Ｃ,Ｂ,內助
522,潘濬,江夏,江夏,一般,61,18,67,82,21,男,193,174,239,Ｃ,Ｂ,Ｃ,Ｃ,Ｃ,Ｃ,
523,潘璋,廬江,廬江,一般,76,80,70,28,12,男,196,177,222,Ｂ,Ａ,Ａ,Ｂ,Ｃ,Ｓ,捕縛
524,樊稠,天水,天水,死亡,66,73,31,24,39,男,184,149,192,Ｃ,Ｃ,Ｃ,Ａ,Ｃ,Ｃ,
525,樊能,會稽,會稽,死亡,69,61,36,31,48,男,184,158,195,Ｃ,Ｂ,Ｂ,Ｃ,Ｃ,Ｃ,
526,潘鳳,鄴,鄴,死亡,56,77,4,14,25,男,184,155,190,Ｃ,Ｃ,Ｃ,Ｂ,Ｃ,Ｃ,
527,費禕,江州,江州,未登場,77,30,83,92,83,男,212,193,253,Ｂ,Ｂ,Ａ,Ｃ,Ａ,Ｂ,能吏
528,卑衍,襄平,襄平,未登場,60,66,21,30,46,男,215,196,238,Ｃ,Ｃ,Ｂ,Ｂ,Ｃ,Ｃ,
529,費詩,成都,成都,一般,15,28,64,74,66,男,195,176,240,Ｃ,Ｃ,Ｃ,Ｃ,Ｂ,Ｃ,
530,糜氏,新野,新野,一般,12,6,66,70,79,女,194,176,208,Ｃ,Ｃ,Ｃ,Ｃ,Ｃ,Ｃ,內助
531,糜竺,新野,新野,一般,33,29,77,83,85,男,184,165,220,Ｃ,Ｃ,Ｂ,Ｃ,Ｃ,Ｃ,富豪
532,糜芳,新野,新野,一般,54,61,32,23,23,男,188,169,222,Ｂ,Ｃ,Ｂ,Ｃ,Ｃ,Ｃ,
533,費耀,天水,天水,未登場,70,66,73,62,67,男,211,192,228,Ｂ,Ｂ,Ｃ,Ｂ,Ｂ,Ｃ,
534,武安國,北海,北海,死亡,67,83,34,33,36,男,184,156,190,Ｂ,Ｃ,Ｃ,Ｂ,Ｃ,Ｃ,
535,馮習,江陵,江陵,在野,72,71,39,41,62,男,201,182,222,Ａ,Ｂ,Ｃ,Ｂ,Ｃ,Ｃ,
536,傅嘏,長安,長安,未登場,44,35,81,82,70,男,228,209,255,Ｃ,Ｃ,Ｂ,Ｃ,Ｂ,Ｃ,
537,傅士仁,薊,薊,未発見,46,63,37,24,20,男,201,182,222,Ｃ,Ｂ,Ｂ,Ｃ,Ｃ,Ｃ,
538,傅僉,新野,新野,未登場,73,85,72,46,62,男,230,216,263,Ｂ,Ａ,Ｃ,Ａ,Ｂ,Ｃ,猛者
539,傅巽,江陵,江陵,一般,14,13,69,72,46,男,184,162,230,Ｃ,Ｃ,Ｃ,Ｃ,Ｃ,Ｃ,
540,傅彤,新野,新野,一般,66,72,46,42,63,男,207,183,222,Ｂ,Ａ,Ｃ,Ｂ,Ｃ,Ｃ,連擊
541,文鴦,陳留,陳留,未登場,76,91,60,32,63,男,236,222,285,Ｂ,Ｃ,Ａ,Ｓ,Ｃ,Ｃ,突襲
542,文欽,陳留,陳留,未登場,74,83,43,34,22,男,217,200,258,Ａ,Ａ,Ｂ,Ｂ,Ｃ,Ｃ,
543,文虎,陳留,陳留,未登場,66,72,45,30,58,男,241,227,279,Ｂ,Ｃ,Ｃ,Ｂ,Ｂ,Ｃ,
544,文醜,南皮,南皮,死亡,78,94,25,25,38,男,184,161,200,Ａ,Ｂ,Ａ,Ｓ,Ｃ,Ｃ,騎將
545,文聘,襄陽,襄陽,一般,86,82,66,69,72,男,197,178,237,Ａ,Ｓ,Ｂ,Ｃ,Ｂ,Ａ,不屈
546,卞喜,小沛,小沛,死亡,56,70,59,37,24,男,184,169,200,Ｂ,Ｃ,Ｂ,Ｃ,Ｂ,Ｃ,
547,卞氏,許昌,許昌,一般,36,24,74,76,87,女,184,160,230,Ｃ,Ｃ,Ｃ,Ｂ,Ｃ,Ｃ,奏樂
548,方悅,晉陽,晉陽,死亡,68,80,44,46,55,男,184,153,190,Ａ,Ｃ,Ｃ,Ｂ,Ｃ,Ｃ,
549,龐會,武威,武威,未登場,69,75,49,42,52,男,219,205,272,Ｂ,Ｃ,Ｃ,Ａ,Ａ,Ｃ,
550,忙牙長,雲南,雲南,未登場,45,79,3,2,9,男,217,191,225,Ａ,Ｃ,Ｃ,Ｂ,Ｃ,Ｃ,
551,逢紀,南皮,南皮,死亡,27,21,84,70,39,男,184,153,202,Ｃ,Ｃ,Ｃ,Ｃ,Ｃ,Ｃ,
552,龐羲,梓潼,梓潼,一般,60,38,68,74,57,男,184,153,218,Ｃ,Ｂ,Ｂ,Ｃ,Ｂ,Ｃ,
553,鮑三娘,江陵,江陵,未登場,72,83,56,36,75,女,220,198,248,Ｂ,Ｂ,Ｂ,Ａ,Ｃ,Ａ,連擊
554,鮑信,陳留,陳留,死亡,77,67,81,73,78,男,184,152,192,Ｂ,Ａ,Ｂ,Ｃ,Ｂ,Ｃ,輔佐
555,法正,江州,江州,一般,82,47,94,78,55,男,195,176,220,Ｃ,Ｃ,Ａ,Ｃ,Ａ,Ｃ,待伏
556,龐統,襄陽,襄陽,未登場,78,34,97,85,69,男,208,179,214,Ｂ,Ｂ,Ｃ,Ｃ,Ｂ,Ｂ,連環
557,龐德,安定,安定,一般,80,94,70,44,70,男,184,170,219,Ｂ,Ａ,Ａ,Ｓ,Ｂ,Ｃ,白馬
558,鮑隆,桂陽,桂陽,一般,58,76,49,23,30,男,202,174,208,Ｂ,Ｃ,Ａ,Ｃ,Ｃ,Ｃ,
559,步協,吳,吳,未登場,71,49,69,63,67,男,230,216,264,Ｃ,Ｂ,Ａ,Ｃ,Ｂ,Ａ,
560,穆順,晉陽,晉陽,死亡,52,77,11,21,20,男,184,157,190,Ｃ,Ｂ,Ｃ,Ｂ,Ｃ,Ｃ,
561,濮陽興,濮陽,濮陽,未登場,37,32,70,72,59,男,243,224,264,Ｃ,Ｃ,Ｃ,Ｃ,Ｂ,Ｂ,
562,木鹿大王,雲南,雲南,未登場,65,71,39,6,32,男,216,184,225,Ｃ,Ａ,Ｃ,Ｃ,Ｃ,Ｃ,妖術
563,步騭,柴桑,柴桑,一般,72,51,84,86,70,男,196,177,247,Ｃ,Ｃ,Ａ,Ｃ,Ｓ,Ａ,射程
564,步闡,吳,吳,未登場,71,60,71,64,62,男,236,222,272,Ｃ,Ａ,Ｂ,Ｃ,Ｃ,Ａ,
565,滿寵,汝南,汝南,太守,84,64,82,84,80,男,189,170,242,Ｃ,Ｓ,Ａ,Ｃ,Ａ,Ｃ,輔佐
566,毛玠,平原,平原,太守,63,39,59,78,61,男,184,161,216,Ｃ,Ｃ,Ｂ,Ｃ,Ｃ,Ｂ,眼力
567,孟獲,雲南,雲南,未登場,76,87,42,45,80,男,212,186,245,Ｂ,Ｓ,Ｃ,Ｃ,Ｃ,Ｃ,亂戰
568,孟宗,江夏,江夏,未登場,47,28,72,78,79,男,235,216,271,Ｃ,Ｃ,Ｂ,Ｃ,Ａ,Ｂ,
569,孟達,江州,江州,一般,75,73,74,66,72,男,191,172,228,Ｂ,Ｂ,Ａ,Ｃ,Ａ,Ｃ,
570,孟優,雲南,雲南,未登場,50,68,22,18,37,男,215,190,251,Ｂ,Ａ,Ｃ,Ｃ,Ｃ,Ｃ,親蠻
571,俞涉,宛,宛,死亡,62,79,24,23,33,男,184,158,190,Ｂ,Ｃ,Ｃ,Ａ,Ｃ,Ｃ,
572,楊懷,梓潼,梓潼,一般,62,68,68,62,53,男,186,167,212,Ｃ,Ａ,Ｂ,Ｃ,Ｃ,Ｃ,
573,雍闓,建寧,建寧,未発見,81,75,54,56,68,男,207,188,225,Ａ,Ａ,Ｃ,Ｃ,Ｓ,Ｃ,親蠻
574,楊儀,襄陽,襄陽,未登場,68,40,82,79,23,男,209,190,235,Ｃ,Ｂ,Ｂ,Ｃ,Ｂ,Ｃ,
575,楊欣,武威,武威,未登場,61,68,61,58,64,男,239,220,278,Ａ,Ｃ,Ｃ,Ｂ,Ａ,Ｃ,
576,羊祜,濮陽,濮陽,未登場,90,64,84,87,89,男,240,221,278,Ｓ,Ｂ,Ｓ,Ａ,Ｂ,Ａ,精妙
577,楊弘,宛,宛,死亡,18,15,76,60,45,男,184,152,199,Ｃ,Ｃ,Ｃ,Ｃ,Ｃ,Ｃ,
578,楊昂,漢中,漢中,一般,68,72,38,35,42,男,191,172,215,Ｂ,Ｂ,Ｂ,Ｂ,Ｃ,Ｃ,
579,楊濟,洛陽,洛陽,未登場,67,68,71,66,64,男,245,226,291,Ｂ,Ｂ,Ｂ,Ｂ,Ｂ,Ｃ,
580,楊醜,晉陽,晉陽,死亡,52,65,40,22,32,男,184,159,199,Ｂ,Ｃ,Ｃ,Ｂ,Ｃ,Ｃ,
581,楊修,洛陽,洛陽,一般,10,4,83,79,43,男,194,175,219,Ｃ,Ｃ,Ｃ,Ｃ,Ｃ,Ｃ,
582,楊秋,天水,天水,一般,67,64,58,63,42,男,191,172,238,Ｃ,Ｃ,Ｂ,Ａ,Ｂ,Ｃ,
583,楊松,漢中,漢中,一般,2,5,28,34,5,男,186,167,215,Ｃ,Ｃ,Ｃ,Ｃ,Ｃ,Ｃ,
584,楊任,漢中,漢中,一般,70,78,53,40,56,男,189,170,215,Ｃ,Ａ,Ｂ,Ｂ,Ｃ,Ｃ,
585,楊祚,襄平,襄平,未登場,53,61,36,32,41,男,221,202,256,Ｂ,Ｃ,Ｃ,Ｂ,Ｃ,Ｃ,
586,楊肇,晉陽,晉陽,未登場,70,65,68,62,58,男,242,223,286,Ａ,Ｂ,Ａ,Ｂ,Ｂ,Ｃ,
587,楊柏,漢中,漢中,一般,44,45,19,26,21,男,189,171,214,Ｂ,Ｃ,Ｃ,Ｃ,Ｃ,Ｃ,
588,楊阜,天水,天水,未発見,67,50,83,78,77,男,197,178,239,Ｃ,Ｂ,Ｂ,Ｂ,Ａ,Ｃ,
589,楊奉,洛陽,洛陽,死亡,66,65,31,14,58,男,184,153,197,Ｂ,Ｃ,Ｃ,Ｂ,Ｃ,Ｃ,
590,楊鋒,雲南,雲南,未登場,54,62,52,40,46,男,213,191,252,Ｃ,Ｂ,Ｃ,Ｃ,Ｂ,Ｃ,
591,雷銅,梓潼,梓潼,太守,69,78,51,37,53,男,191,172,218,Ｂ,Ａ,Ｃ,Ｂ,Ｂ,Ｃ,
592,雷薄,汝南,汝南,死亡,62,70,36,11,15,男,184,157,206,Ａ,Ｂ,Ｃ,Ｃ,Ｂ,Ｃ,
593,駱統,吳,吳,一般,76,58,75,77,77,男,207,193,228,Ｂ,Ｂ,Ａ,Ｃ,Ａ,Ａ,強襲
594,羅憲,襄陽,襄陽,未登場,85,71,75,72,73,男,237,218,270,Ｂ,Ａ,Ｓ,Ｃ,Ｓ,Ｃ,鐵壁
595,李異,柴桑,柴桑,一般,59,77,19,18,24,男,206,187,222,Ａ,Ｃ,Ｃ,Ｂ,Ｂ,Ｂ,
596,李恢,建寧,建寧,未発見,79,65,78,77,80,男,194,175,231,Ｂ,Ｂ,Ｓ,Ｃ,Ｓ,Ｃ,機智
597,李傕,天水,天水,死亡,69,72,24,1,17,男,184,148,198,Ｂ,Ｃ,Ｃ,Ａ,Ｂ,Ｃ,
598,陸凱,吳,吳,未登場,65,61,78,85,73,男,217,198,269,Ｃ,Ｃ,Ｂ,Ｃ,Ａ,Ａ,
599,陸抗,吳,吳,未登場,91,63,87,85,87,男,240,226,274,Ａ,Ａ,Ｓ,Ｃ,Ｓ,Ｓ,精妙
600,陸績,會稽,會稽,一般,20,7,71,72,44,男,206,187,219,Ｃ,Ｃ,Ｃ,Ｃ,Ｂ,Ｂ,風水
601,陸遜,吳,小沛,一般,96,69,95,87,90,男,202,183,245,Ａ,Ｓ,Ｓ,Ｃ,Ａ,Ｓ,鬼謀
602,李嚴,江陵,江陵,一般,83,84,75,74,52,男,191,172,234,Ｂ,Ａ,Ｓ,Ｃ,Ｂ,Ｃ,戟將
603,李儒,天水,天水,死亡,61,26,93,75,38,男,184,150,192,Ｃ,Ｃ,Ｃ,Ｂ,Ｂ,Ｃ,徵收
604,李肅,晉陽,晉陽,死亡,46,69,59,15,36,男,184,156,192,Ｃ,Ｃ,Ｃ,Ｂ,Ｃ,Ｃ,
605,李勝,宛,宛,未登場,12,22,29,69,51,男,220,201,249,Ｃ,Ｃ,Ｃ,Ｃ,Ｂ,Ｃ,
606,李堪,天水,天水,一般,58,69,33,37,45,男,195,176,211,Ｃ,Ｂ,Ｃ,Ａ,Ｃ,Ｃ,
607,李通,汝南,汝南,一般,73,81,57,63,73,男,187,168,211,Ａ,Ｃ,Ｃ,Ａ,Ｂ,Ｂ,槍將
608,李典,宛,安定,一般,78,77,79,74,65,男,189,174,216,Ａ,Ａ,Ａ,Ｂ,Ｓ,Ｃ,射程
609,李孚,平原,平原,一般,31,36,74,73,69,男,184,162,210,Ｃ,Ｃ,Ｂ,Ｃ,Ｂ,Ｃ,
610,李豐,江陵,江陵,未登場,55,48,67,72,67,男,220,206,260,Ｃ,Ｂ,Ａ,Ｃ,Ｂ,Ｃ,搬運
611,李豐,長安,長安,未登場,25,35,67,71,60,男,223,204,254,Ｃ,Ｃ,Ｃ,Ｃ,Ｂ,Ｃ,
612,李豐,濮陽,濮陽,死亡,69,74,50,22,47,男,184,158,199,Ｃ,Ｂ,Ｃ,Ｂ,Ｂ,Ｃ,
613,劉焉,薊,薊,死亡,53,38,80,81,85,男,184,132,194,Ｃ,Ｃ,Ｂ,Ｃ,Ａ,Ｃ,
614,劉和,長安,長安,死亡,21,16,59,68,72,男,184,165,193,Ｃ,Ｃ,Ｃ,Ｃ,Ｃ,Ｃ,
615,劉,成都,成都,一般,71,73,66,44,62,男,189,165,214,Ｃ,Ａ,Ａ,Ｃ,Ｂ,Ｃ,
616,劉琦,襄陽,襄陽,一般,52,12,62,71,73,男,188,174,209,Ｃ,Ｃ,Ｂ,Ｃ,Ｃ,Ａ,
617,劉虞,長安,長安,死亡,55,33,69,78,92,男,184,145,193,Ｃ,Ｃ,Ｃ,Ｂ,Ｃ,Ｃ,親烏
618,劉勳,壽春,壽春,一般,47,63,35,16,32,男,184,163,216,Ｃ,Ｂ,Ｂ,Ｃ,Ｃ,Ｂ,
619,劉賢,零陵,零陵,一般,54,66,51,40,52,男,202,188,252,Ｂ,Ｂ,Ｃ,Ｂ,Ｃ,Ｃ,
620,留贊,會稽,會稽,一般,78,75,64,57,62,男,202,172,255,Ａ,Ａ,Ｃ,Ｂ,Ｂ,Ａ,推進
621,劉氏,洛陽,洛陽,死亡,3,8,66,49,69,女,184,164,205,Ｃ,Ｃ,Ｃ,Ｃ,Ｃ,Ｃ,
622,劉循,成都,成都,一般,63,46,41,50,57,男,198,184,239,Ｃ,Ｂ,Ｂ,Ｃ,Ｃ,Ｃ,
623,劉璋,成都,成都,君主,16,5,9,38,65,男,184,162,219,Ｃ,Ｃ,Ｃ,Ｃ,Ｃ,Ｃ,
624,劉劭,鄴,鄴,未登場,71,53,74,79,70,男,212,195,264,Ａ,Ｂ,Ａ,Ｂ,Ｂ,Ｃ,詩想
625,劉丞,吳,吳,未登場,45,65,33,33,56,男,234,215,258,Ｂ,Ｂ,Ｃ,Ｃ,Ｃ,Ｂ,
626,劉諶,新野,新野,未登場,60,62,69,73,82,男,252,238,263,Ｂ,Ａ,Ｂ,Ｃ,Ｃ,Ｃ,怒髮
627,劉璿,新野,新野,未登場,8,21,36,51,55,男,238,224,264,Ｃ,Ｃ,Ｃ,Ｃ,Ｃ,Ｃ,
628,劉禪,新野,新野,未登場,3,5,9,4,56,男,221,207,271,Ｃ,Ｃ,Ｃ,Ｃ,Ｃ,Ｃ,強運
629,劉琮,襄陽,襄陽,一般,24,22,64,65,70,男,207,195,208,Ｃ,Ｃ,Ｂ,Ｃ,Ｃ,Ｂ,
630,劉岱,陳留,陳留,死亡,53,65,32,54,42,男,184,147,202,Ｂ,Ｂ,Ｃ,Ｂ,Ｃ,Ｃ,
631,劉度,零陵,零陵,君主,25,23,26,49,53,男,187,168,214,Ｃ,Ｃ,Ｂ,Ｃ,Ｃ,Ｃ,
632,劉巴,零陵,零陵,未発見,14,22,74,81,57,男,205,186,222,Ｃ,Ｃ,Ｃ,Ｃ,Ｃ,Ｃ,
633,劉磐,江陵,江陵,太守,69,76,47,43,55,男,188,168,210,Ａ,Ｃ,Ｃ,Ｃ,Ｂ,Ｂ,
634,劉備,新野,新野,君主,75,73,74,78,99,男,184,161,223,Ａ,Ｂ,Ａ,Ｂ,Ｃ,Ｃ,遁走
635,劉表,襄陽,襄陽,君主,48,31,71,81,83,男,184,142,208,Ｃ,Ｃ,Ｂ,Ｃ,Ｃ,Ｃ,
636,劉馥,壽春,壽春,一般,64,49,73,87,83,男,184,164,208,Ｂ,Ｂ,Ａ,Ｃ,Ａ,Ｂ,屯田
637,留平,會稽,會稽,未登場,70,71,68,57,63,男,232,218,272,Ｂ,Ｂ,Ｃ,Ｃ,Ａ,Ａ,築城
638,劉辟,宛,宛,死亡,70,72,47,34,55,男,184,145,201,Ａ,Ｂ,Ｃ,Ｂ,Ｂ,Ｃ,亂戰
639,劉封,新野,新野,一般,75,79,44,50,76,男,206,188,220,Ａ,Ｃ,Ｃ,Ａ,Ａ,Ｂ,槍將
640,劉曄,壽春,壽春,太守,36,32,92,73,69,男,193,176,235,Ｃ,Ｃ,Ｃ,Ｃ,Ｓ,Ｃ,射程
641,劉繇,壽春,壽春,死亡,62,67,46,70,64,男,184,156,195,Ｂ,Ｃ,Ｃ,Ｂ,Ｃ,Ｂ,
642,留略,會稽,會稽,未登場,71,66,59,46,51,男,220,206,260,Ｃ,Ａ,Ａ,Ｃ,Ｃ,Ａ,築城
643,呂威璜,南皮,南皮,死亡,58,63,29,39,44,男,188,159,200,Ｂ,Ｂ,Ｃ,Ｂ,Ｃ,Ｃ,
644,廖化,新野,新野,一般,73,76,64,49,66,男,184,170,264,Ａ,Ａ,Ｃ,Ｂ,Ｃ,Ｃ,血路
645,梁興,天水,天水,一般,61,65,19,22,26,男,188,169,211,Ｃ,Ｃ,Ｃ,Ａ,Ｃ,Ｃ,
646,梁綱,宛,宛,死亡,60,69,41,22,46,男,184,160,199,Ｂ,Ｂ,Ｂ,Ｃ,Ｃ,Ｃ,
647,梁習,南皮,南皮,一般,73,40,73,87,80,男,187,168,230,Ｃ,Ｃ,Ｃ,Ａ,Ａ,Ｃ,繁殖
648,梁緒,天水,天水,未登場,56,62,66,68,58,男,217,198,260,Ｂ,Ｃ,Ｂ,Ｂ,Ｃ,Ｃ,
649,凌操,吳,吳,死亡,75,81,42,35,55,男,184,165,203,Ｂ,Ａ,Ｃ,Ａ,Ｃ,Ｓ,掃蕩
650,凌統,廬江,廬江,一般,77,89,55,40,71,男,203,189,237,Ｂ,Ｓ,Ｃ,Ａ,Ｃ,Ｓ,掃蕩
651,廖立,武陵,武陵,在野,22,15,69,76,27,男,200,181,250,Ｃ,Ｃ,Ｃ,Ｃ,Ｃ,Ｃ,
652,呂凱,雲南,雲南,未登場,53,30,66,77,73,男,213,194,227,Ｃ,Ｂ,Ｃ,Ｃ,Ａ,Ｃ,解毒
653,呂據,汝南,汝南,未登場,70,59,71,62,62,男,210,196,256,Ｃ,Ｃ,Ａ,Ｃ,Ａ,Ａ,操舵
654,呂虔,濮陽,濮陽,一般,57,70,58,72,60,男,192,173,238,Ｂ,Ｃ,Ａ,Ｃ,Ｃ,Ｃ,射手
655,呂曠,宛,宛,一般,56,70,13,22,29,男,184,162,207,Ｃ,Ｃ,Ｃ,Ｂ,Ｃ,Ｃ,
656,呂翔,宛,宛,一般,54,71,12,19,28,男,184,164,207,Ｃ,Ｃ,Ｃ,Ｂ,Ｃ,Ｃ,
657,呂岱,柴桑,柴桑,一般,82,71,69,75,63,男,184,161,256,Ａ,Ｂ,Ａ,Ｃ,Ａ,Ｓ,操舵
658,呂範,廬江,廬江,一般,73,63,74,75,69,男,188,169,228,Ｂ,Ｃ,Ａ,Ｃ,Ａ,Ａ,造船
659,呂布,洛陽,洛陽,死亡,87,100,26,13,40,男,184,156,198,Ａ,Ｓ,Ｓ,Ｓ,Ｃ,Ｃ,飛將
660,呂蒙,柴桑,柴桑,一般,91,81,89,78,82,男,193,178,219,Ｓ,Ａ,Ｂ,Ｂ,Ｓ,Ｓ,攻心
661,呂玲綺,洛陽,洛陽,死亡,81,89,37,18,56,女,196,182,198,Ｂ,Ａ,Ａ,Ｓ,Ｃ,Ｃ,疾馳
662,倫直,襄平,襄平,未登場,46,42,72,64,56,男,216,197,237,Ｃ,Ｃ,Ｃ,Ｂ,Ｂ,Ｃ,
663,冷苞,成都,成都,一般,71,82,68,37,23,男,205,176,214,Ｃ,Ａ,Ａ,Ｃ,Ｂ,Ｃ,亂戰
664,婁圭,長安,長安,一般,52,13,87,67,15,男,184,143,212,Ｃ,Ｃ,Ｃ,Ｃ,Ｂ,Ｃ,築城
665,樓玄,小沛,小沛,未登場,23,22,67,77,80,男,242,223,275,Ｃ,Ｃ,Ｃ,Ｃ,Ｂ,Ｂ,祈願
666,魯肅,柴桑,柴桑,一般,80,56,92,90,89,男,191,172,217,Ａ,Ａ,Ａ,Ｃ,Ａ,Ａ,富豪
667,魯淑,廬江,廬江,未登場,71,53,74,76,73,男,226,208,274,Ｃ,Ｂ,Ａ,Ｃ,Ａ,Ａ,操舵
668,盧植,鄴,鄴,死亡,86,63,82,85,81,男,184,139,192,Ａ,Ｂ,Ｓ,Ａ,Ｂ,Ｃ,指導